exp,seed,sigma0,depth,width,t,t_frac,relmse,train_sec,beta,mu_box,d,K,steps,batch_size,lr,eval_n,eval_batch,score_chunk
exp_sigma,0.0,0.01,4.0,512.0,0.1,0.1,0.0055820935100555835,41.972386598587036,5.0,5.0,64.0,20.0,20000.0,1024.0,0.0002,50000.0,1024.0,0.0
exp_sigma,0.0,0.01,4.0,512.0,0.3,0.3,0.0055404771750090205,41.518184423446655,5.0,5.0,64.0,20.0,20000.0,1024.0,0.0002,50000.0,1024.0,0.0
exp_sigma,0.0,0.01,4.0,512.0,0.5,0.5,0.0034067951270233153,41.75117373466492,5.0,5.0,64.0,20.0,20000.0,1024.0,0.0002,50000.0,1024.0,0.0
exp_sigma,0.0,0.01,4.0,512.0,0.7,0.7,0.0014256249393048502,42.014431953430176,5.0,5.0,64.0,20.0,20000.0,1024.0,0.0002,50000.0,1024.0,0.0
exp_sigma,0.0,0.01,4.0,512.0,0.9,0.9,0.0012758334775409721,42.75345301628113,5.0,5.0,64.0,20.0,20000.0,1024.0,0.0002,50000.0,1024.0,0.0
exp_sigma,0.0,0.1,4.0,512.0,0.1,0.1,0.007156132731032407,42.17407989501953,5.0,5.0,64.0,20.0,20000.0,1024.0,0.0002,50000.0,1024.0,0.0
exp_sigma,0.0,0.1,4.0,512.0,0.3,0.3,0.004855061701963657,41.99049973487854,5.0,5.0,64.0,20.0,20000.0,1024.0,0.0002,50000.0,1024.0,0.0
exp_sigma,0.0,0.1,4.0,512.0,0.5,0.5,0.003410468262815208,42.680622577667236,5.0,5.0,64.0,20.0,20000.0,1024.0,0.0002,50000.0,1024.0,0.0
exp_sigma,0.0,0.1,4.0,512.0,0.7,0.7,0.0014510921278427526,42.01353597640991,5.0,5.0,64.0,20.0,20000.0,1024.0,0.0002,50000.0,1024.0,0.0
exp_sigma,0.0,0.1,4.0,512.0,0.9,0.9,0.0012716129598121394,41.66894841194153,5.0,5.0,64.0,20.0,20000.0,1024.0,0.0002,50000.0,1024.0,0.0
exp_sigma,0.0,1.0,4.0,512.0,0.1,0.1,0.004006189288388182,41.70799946784973,5.0,5.0,64.0,20.0,20000.0,1024.0,0.0002,50000.0,1024.0,0.0
exp_sigma,0.0,1.0,4.0,512.0,0.3,0.3,0.004856179366978255,41.39250206947327,5.0,5.0,64.0,20.0,20000.0,1024.0,0.0002,50000.0,1024.0,0.0
exp_sigma,0.0,1.0,4.0,512.0,0.5,0.5,0.0034456693743571912,41.88148379325867,5.0,5.0,64.0,20.0,20000.0,1024.0,0.0002,50000.0,1024.0,0.0
exp_sigma,0.0,1.0,4.0,512.0,0.7,0.7,0.0028127426342197098,42.657384157180786,5.0,5.0,64.0,20.0,20000.0,1024.0,0.0002,50000.0,1024.0,0.0
exp_sigma,0.0,1.0,4.0,512.0,0.9,0.9,0.0035623390041497837,41.677695751190186,5.0,5.0,64.0,20.0,20000.0,1024.0,0.0002,50000.0,1024.0,0.0
exp_sigma,1.0,0.01,4.0,512.0,0.1,0.1,0.006169991737849496,42.17230677604675,5.0,5.0,64.0,20.0,20000.0,1024.0,0.0002,50000.0,1024.0,0.0
exp_sigma,1.0,0.01,4.0,512.0,0.3,0.3,0.005145895231230037,43.403032302856445,5.0,5.0,64.0,20.0,20000.0,1024.0,0.0002,50000.0,1024.0,0.0
exp_sigma,1.0,0.01,4.0,512.0,0.5,0.5,0.0030378429084368832,41.631187915802,5.0,5.0,64.0,20.0,20000.0,1024.0,0.0002,50000.0,1024.0,0.0
exp_sigma,1.0,0.01,4.0,512.0,0.7,0.7,0.0032422821740148884,42.504640102386475,5.0,5.0,64.0,20.0,20000.0,1024.0,0.0002,50000.0,1024.0,0.0
exp_sigma,1.0,0.01,4.0,512.0,0.9,0.9,0.002279178038071346,41.53256797790527,5.0,5.0,64.0,20.0,20000.0,1024.0,0.0002,50000.0,1024.0,0.0
exp_sigma,1.0,0.1,4.0,512.0,0.1,0.1,0.007496675956398066,41.556910037994385,5.0,5.0,64.0,20.0,20000.0,1024.0,0.0002,50000.0,1024.0,0.0
exp_sigma,1.0,0.1,4.0,512.0,0.3,0.3,0.0059287959447459435,42.183876276016235,5.0,5.0,64.0,20.0,20000.0,1024.0,0.0002,50000.0,1024.0,0.0
exp_sigma,1.0,0.1,4.0,512.0,0.5,0.5,0.003176711320892011,41.561668157577515,5.0,5.0,64.0,20.0,20000.0,1024.0,0.0002,50000.0,1024.0,0.0
exp_sigma,1.0,0.1,4.0,512.0,0.7,0.7,0.0012749441977828644,42.06595420837402,5.0,5.0,64.0,20.0,20000.0,1024.0,0.0002,50000.0,1024.0,0.0
exp_sigma,1.0,0.1,4.0,512.0,0.9,0.9,0.001929356218049971,42.99107122421265,5.0,5.0,64.0,20.0,20000.0,1024.0,0.0002,50000.0,1024.0,0.0
exp_sigma,1.0,1.0,4.0,512.0,0.1,0.1,0.00453335105087043,41.72613739967346,5.0,5.0,64.0,20.0,20000.0,1024.0,0.0002,50000.0,1024.0,0.0
exp_sigma,1.0,1.0,4.0,512.0,0.3,0.3,0.004517412634612112,42.07482886314392,5.0,5.0,64.0,20.0,20000.0,1024.0,0.0002,50000.0,1024.0,0.0
exp_sigma,1.0,1.0,4.0,512.0,0.5,0.5,0.0029170242342157794,42.961551666259766,5.0,5.0,64.0,20.0,20000.0,1024.0,0.0002,50000.0,1024.0,0.0
exp_sigma,1.0,1.0,4.0,512.0,0.7,0.7,0.002947791325116462,42.291049003601074,5.0,5.0,64.0,20.0,20000.0,1024.0,0.0002,50000.0,1024.0,0.0
exp_sigma,1.0,1.0,4.0,512.0,0.9,0.9,0.0014046855217820944,41.987964391708374,5.0,5.0,64.0,20.0,20000.0,1024.0,0.0002,50000.0,1024.0,0.0
exp_sigma,2.0,0.01,4.0,512.0,0.1,0.1,0.004610928395657076,41.602351903915405,5.0,5.0,64.0,20.0,20000.0,1024.0,0.0002,50000.0,1024.0,0.0
exp_sigma,2.0,0.01,4.0,512.0,0.3,0.3,0.0050238691349342585,41.752692222595215,5.0,5.0,64.0,20.0,20000.0,1024.0,0.0002,50000.0,1024.0,0.0
exp_sigma,2.0,0.01,4.0,512.0,0.5,0.5,0.0035130250439155816,42.186352014541626,5.0,5.0,64.0,20.0,20000.0,1024.0,0.0002,50000.0,1024.0,0.0
exp_sigma,2.0,0.01,4.0,512.0,0.7,0.7,0.0014506301621861732,42.3042631149292,5.0,5.0,64.0,20.0,20000.0,1024.0,0.0002,50000.0,1024.0,0.0
exp_sigma,2.0,0.01,4.0,512.0,0.9,0.9,0.0011623001686653796,43.50484347343445,5.0,5.0,64.0,20.0,20000.0,1024.0,0.0002,50000.0,1024.0,0.0
exp_sigma,2.0,0.1,4.0,512.0,0.1,0.1,0.009533743053713429,42.24740552902222,5.0,5.0,64.0,20.0,20000.0,1024.0,0.0002,50000.0,1024.0,0.0
exp_sigma,2.0,0.1,4.0,512.0,0.3,0.3,0.004564697158259852,42.11783981323242,5.0,5.0,64.0,20.0,20000.0,1024.0,0.0002,50000.0,1024.0,0.0
exp_sigma,2.0,0.1,4.0,512.0,0.5,0.5,0.00291434629935849,42.11336803436279,5.0,5.0,64.0,20.0,20000.0,1024.0,0.0002,50000.0,1024.0,0.0
exp_sigma,2.0,0.1,4.0,512.0,0.7,0.7,0.001657967534679887,45.00513982772827,5.0,5.0,64.0,20.0,20000.0,1024.0,0.0002,50000.0,1024.0,0.0
exp_sigma,2.0,0.1,4.0,512.0,0.9,0.9,0.0014701766787978854,41.823822259902954,5.0,5.0,64.0,20.0,20000.0,1024.0,0.0002,50000.0,1024.0,0.0
exp_sigma,2.0,1.0,4.0,512.0,0.1,0.1,0.004068482962250451,41.89443588256836,5.0,5.0,64.0,20.0,20000.0,1024.0,0.0002,50000.0,1024.0,0.0
exp_sigma,2.0,1.0,4.0,512.0,0.3,0.3,0.005716633028669109,42.43984937667847,5.0,5.0,64.0,20.0,20000.0,1024.0,0.0002,50000.0,1024.0,0.0
exp_sigma,2.0,1.0,4.0,512.0,0.5,0.5,0.003402355531139836,42.07983589172363,5.0,5.0,64.0,20.0,20000.0,1024.0,0.0002,50000.0,1024.0,0.0
exp_sigma,2.0,1.0,4.0,512.0,0.7,0.7,0.001213489955713894,42.46998047828674,5.0,5.0,64.0,20.0,20000.0,1024.0,0.0002,50000.0,1024.0,0.0
exp_sigma,2.0,1.0,4.0,512.0,0.9,0.9,0.0021872001508952995,41.79037070274353,5.0,5.0,64.0,20.0,20000.0,1024.0,0.0002,50000.0,1024.0,0.0
exp_sigma,3.0,0.01,4.0,512.0,0.1,0.1,0.006040076466215058,41.683509826660156,5.0,5.0,64.0,20.0,20000.0,1024.0,0.0002,50000.0,1024.0,0.0
exp_sigma,3.0,0.01,4.0,512.0,0.3,0.3,0.004388209287109061,41.88613295555115,5.0,5.0,64.0,20.0,20000.0,1024.0,0.0002,50000.0,1024.0,0.0
exp_sigma,3.0,0.01,4.0,512.0,0.5,0.5,0.003226321118027869,41.839128255844116,5.0,5.0,64.0,20.0,20000.0,1024.0,0.0002,50000.0,1024.0,0.0
exp_sigma,3.0,0.01,4.0,512.0,0.7,0.7,0.0013787103042027476,42.09012198448181,5.0,5.0,64.0,20.0,20000.0,1024.0,0.0002,50000.0,1024.0,0.0
exp_sigma,3.0,0.01,4.0,512.0,0.9,0.9,0.0015567615751996451,42.262561321258545,5.0,5.0,64.0,20.0,20000.0,1024.0,0.0002,50000.0,1024.0,0.0
exp_sigma,3.0,0.1,4.0,512.0,0.1,0.1,0.006155392273887988,42.09462928771973,5.0,5.0,64.0,20.0,20000.0,1024.0,0.0002,50000.0,1024.0,0.0
exp_sigma,3.0,0.1,4.0,512.0,0.3,0.3,0.0053948778980482505,41.74529838562012,5.0,5.0,64.0,20.0,20000.0,1024.0,0.0002,50000.0,1024.0,0.0
exp_sigma,3.0,0.1,4.0,512.0,0.5,0.5,0.00350123723110087,41.62616157531738,5.0,5.0,64.0,20.0,20000.0,1024.0,0.0002,50000.0,1024.0,0.0
exp_sigma,3.0,0.1,4.0,512.0,0.7,0.7,0.0024938225754723375,42.64328074455261,5.0,5.0,64.0,20.0,20000.0,1024.0,0.0002,50000.0,1024.0,0.0
exp_sigma,3.0,0.1,4.0,512.0,0.9,0.9,0.0016970784242986473,42.38770270347595,5.0,5.0,64.0,20.0,20000.0,1024.0,0.0002,50000.0,1024.0,0.0
exp_sigma,3.0,1.0,4.0,512.0,0.1,0.1,0.0038222262972956856,42.01748251914978,5.0,5.0,64.0,20.0,20000.0,1024.0,0.0002,50000.0,1024.0,0.0
exp_sigma,3.0,1.0,4.0,512.0,0.3,0.3,0.004840351617966693,41.49972367286682,5.0,5.0,64.0,20.0,20000.0,1024.0,0.0002,50000.0,1024.0,0.0
exp_sigma,3.0,1.0,4.0,512.0,0.5,0.5,0.0031219010608926324,41.56728768348694,5.0,5.0,64.0,20.0,20000.0,1024.0,0.0002,50000.0,1024.0,0.0
exp_sigma,3.0,1.0,4.0,512.0,0.7,0.7,0.001903719778490617,42.14216232299805,5.0,5.0,64.0,20.0,20000.0,1024.0,0.0002,50000.0,1024.0,0.0
exp_sigma,3.0,1.0,4.0,512.0,0.9,0.9,0.001711407657434384,42.455641984939575,5.0,5.0,64.0,20.0,20000.0,1024.0,0.0002,50000.0,1024.0,0.0
exp_sigma,4.0,0.01,4.0,512.0,0.1,0.1,0.006989831855336641,41.783029556274414,5.0,5.0,64.0,20.0,20000.0,1024.0,0.0002,50000.0,1024.0,0.0
exp_sigma,4.0,0.01,4.0,512.0,0.3,0.3,0.004971322672943202,41.773831367492676,5.0,5.0,64.0,20.0,20000.0,1024.0,0.0002,50000.0,1024.0,0.0
exp_sigma,4.0,0.01,4.0,512.0,0.5,0.5,0.00318969402862694,41.780057191848755,5.0,5.0,64.0,20.0,20000.0,1024.0,0.0002,50000.0,1024.0,0.0
exp_sigma,4.0,0.01,4.0,512.0,0.7,0.7,0.0014169270273521294,42.28306174278259,5.0,5.0,64.0,20.0,20000.0,1024.0,0.0002,50000.0,1024.0,0.0
exp_sigma,4.0,0.01,4.0,512.0,0.9,0.9,0.0016581875751615002,42.454669713974,5.0,5.0,64.0,20.0,20000.0,1024.0,0.0002,50000.0,1024.0,0.0
exp_sigma,4.0,0.1,4.0,512.0,0.1,0.1,0.0052950097303771666,42.5598361492157,5.0,5.0,64.0,20.0,20000.0,1024.0,0.0002,50000.0,1024.0,0.0
exp_sigma,4.0,0.1,4.0,512.0,0.3,0.3,0.006348364900228246,44.18991494178772,5.0,5.0,64.0,20.0,20000.0,1024.0,0.0002,50000.0,1024.0,0.0
exp_sigma,4.0,0.1,4.0,512.0,0.5,0.5,0.002913066252244217,41.78952956199646,5.0,5.0,64.0,20.0,20000.0,1024.0,0.0002,50000.0,1024.0,0.0
exp_sigma,4.0,0.1,4.0,512.0,0.7,0.7,0.0013985449302835052,42.284701347351074,5.0,5.0,64.0,20.0,20000.0,1024.0,0.0002,50000.0,1024.0,0.0
exp_sigma,4.0,0.1,4.0,512.0,0.9,0.9,0.0020674096206782237,42.82699012756348,5.0,5.0,64.0,20.0,20000.0,1024.0,0.0002,50000.0,1024.0,0.0
exp_sigma,4.0,1.0,4.0,512.0,0.1,0.1,0.003966130416898356,41.648927211761475,5.0,5.0,64.0,20.0,20000.0,1024.0,0.0002,50000.0,1024.0,0.0
exp_sigma,4.0,1.0,4.0,512.0,0.3,0.3,0.005739748116099884,42.32773733139038,5.0,5.0,64.0,20.0,20000.0,1024.0,0.0002,50000.0,1024.0,0.0
exp_sigma,4.0,1.0,4.0,512.0,0.5,0.5,0.0032886036948558714,42.55936932563782,5.0,5.0,64.0,20.0,20000.0,1024.0,0.0002,50000.0,1024.0,0.0
exp_sigma,4.0,1.0,4.0,512.0,0.7,0.7,0.0012027202281403129,42.51608085632324,5.0,5.0,64.0,20.0,20000.0,1024.0,0.0002,50000.0,1024.0,0.0
exp_sigma,4.0,1.0,4.0,512.0,0.9,0.9,0.0012720660583419024,41.23084545135498,5.0,5.0,64.0,20.0,20000.0,1024.0,0.0002,50000.0,1024.0,0.0
exp_sigma,5.0,0.01,4.0,512.0,0.1,0.1,0.005029862039084756,42.69366264343262,5.0,5.0,64.0,20.0,20000.0,1024.0,0.0002,50000.0,1024.0,0.0
exp_sigma,5.0,0.01,4.0,512.0,0.3,0.3,0.004761772694639528,42.028074979782104,5.0,5.0,64.0,20.0,20000.0,1024.0,0.0002,50000.0,1024.0,0.0
exp_sigma,5.0,0.01,4.0,512.0,0.5,0.5,0.003179785323907051,41.90152382850647,5.0,5.0,64.0,20.0,20000.0,1024.0,0.0002,50000.0,1024.0,0.0
exp_sigma,5.0,0.01,4.0,512.0,0.7,0.7,0.0016741465629023966,41.957316637039185,5.0,5.0,64.0,20.0,20000.0,1024.0,0.0002,50000.0,1024.0,0.0
exp_sigma,5.0,0.01,4.0,512.0,0.9,0.9,0.0018631638033314174,42.42201519012451,5.0,5.0,64.0,20.0,20000.0,1024.0,0.0002,50000.0,1024.0,0.0
exp_sigma,5.0,0.1,4.0,512.0,0.1,0.1,0.007212676388851102,41.833343744277954,5.0,5.0,64.0,20.0,20000.0,1024.0,0.0002,50000.0,1024.0,0.0
exp_sigma,5.0,0.1,4.0,512.0,0.3,0.3,0.005155921294266592,42.47609829902649,5.0,5.0,64.0,20.0,20000.0,1024.0,0.0002,50000.0,1024.0,0.0
exp_sigma,5.0,0.1,4.0,512.0,0.5,0.5,0.0028761661029094708,42.626046895980835,5.0,5.0,64.0,20.0,20000.0,1024.0,0.0002,50000.0,1024.0,0.0
exp_sigma,5.0,0.1,4.0,512.0,0.7,0.7,0.0034054851349018087,42.20522451400757,5.0,5.0,64.0,20.0,20000.0,1024.0,0.0002,50000.0,1024.0,0.0
exp_sigma,5.0,0.1,4.0,512.0,0.9,0.9,0.0010764324456937393,41.9165825843811,5.0,5.0,64.0,20.0,20000.0,1024.0,0.0002,50000.0,1024.0,0.0
exp_sigma,5.0,1.0,4.0,512.0,0.1,0.1,0.004219140995018983,41.41064643859863,5.0,5.0,64.0,20.0,20000.0,1024.0,0.0002,50000.0,1024.0,0.0
exp_sigma,5.0,1.0,4.0,512.0,0.3,0.3,0.0056374542307860735,42.010700702667236,5.0,5.0,64.0,20.0,20000.0,1024.0,0.0002,50000.0,1024.0,0.0
exp_sigma,5.0,1.0,4.0,512.0,0.5,0.5,0.0030442789846500955,41.5986111164093,5.0,5.0,64.0,20.0,20000.0,1024.0,0.0002,50000.0,1024.0,0.0
exp_sigma,5.0,1.0,4.0,512.0,0.7,0.7,0.0017747068302315003,41.675339221954346,5.0,5.0,64.0,20.0,20000.0,1024.0,0.0002,50000.0,1024.0,0.0
exp_sigma,5.0,1.0,4.0,512.0,0.9,0.9,0.0014035520091415445,41.62077069282532,5.0,5.0,64.0,20.0,20000.0,1024.0,0.0002,50000.0,1024.0,0.0
exp_sigma,6.0,0.01,4.0,512.0,0.1,0.1,0.004562061770651503,41.37611985206604,5.0,5.0,64.0,20.0,20000.0,1024.0,0.0002,50000.0,1024.0,0.0
exp_sigma,6.0,0.01,4.0,512.0,0.3,0.3,0.0045401467194534,41.79344654083252,5.0,5.0,64.0,20.0,20000.0,1024.0,0.0002,50000.0,1024.0,0.0
exp_sigma,6.0,0.01,4.0,512.0,0.5,0.5,0.0033519573430778955,41.52634358406067,5.0,5.0,64.0,20.0,20000.0,1024.0,0.0002,50000.0,1024.0,0.0
exp_sigma,6.0,0.01,4.0,512.0,0.7,0.7,0.0013088656664089157,42.547574043273926,5.0,5.0,64.0,20.0,20000.0,1024.0,0.0002,50000.0,1024.0,0.0
exp_sigma,6.0,0.01,4.0,512.0,0.9,0.9,0.0022726537701642335,42.03367018699646,5.0,5.0,64.0,20.0,20000.0,1024.0,0.0002,50000.0,1024.0,0.0
exp_sigma,6.0,0.1,4.0,512.0,0.1,0.1,0.006544209770349158,42.301310539245605,5.0,5.0,64.0,20.0,20000.0,1024.0,0.0002,50000.0,1024.0,0.0
exp_sigma,6.0,0.1,4.0,512.0,0.3,0.3,0.005567235434988599,42.13813877105713,5.0,5.0,64.0,20.0,20000.0,1024.0,0.0002,50000.0,1024.0,0.0
exp_sigma,6.0,0.1,4.0,512.0,0.5,0.5,0.003370992665986424,42.56860017776489,5.0,5.0,64.0,20.0,20000.0,1024.0,0.0002,50000.0,1024.0,0.0
exp_sigma,6.0,0.1,4.0,512.0,0.7,0.7,0.002285206663929915,41.76125979423523,5.0,5.0,64.0,20.0,20000.0,1024.0,0.0002,50000.0,1024.0,0.0
exp_sigma,6.0,0.1,4.0,512.0,0.9,0.9,0.0020223663080118715,42.5814642906189,5.0,5.0,64.0,20.0,20000.0,1024.0,0.0002,50000.0,1024.0,0.0
exp_sigma,6.0,1.0,4.0,512.0,0.1,0.1,0.003243590322074139,41.758955240249634,5.0,5.0,64.0,20.0,20000.0,1024.0,0.0002,50000.0,1024.0,0.0
exp_sigma,6.0,1.0,4.0,512.0,0.3,0.3,0.005235543051540809,41.87029767036438,5.0,5.0,64.0,20.0,20000.0,1024.0,0.0002,50000.0,1024.0,0.0
exp_sigma,6.0,1.0,4.0,512.0,0.5,0.5,0.003249573864788775,41.45223641395569,5.0,5.0,64.0,20.0,20000.0,1024.0,0.0002,50000.0,1024.0,0.0
exp_sigma,6.0,1.0,4.0,512.0,0.7,0.7,0.0018845676860897954,42.10561776161194,5.0,5.0,64.0,20.0,20000.0,1024.0,0.0002,50000.0,1024.0,0.0
exp_sigma,6.0,1.0,4.0,512.0,0.9,0.9,0.0010999305710034106,41.513301610946655,5.0,5.0,64.0,20.0,20000.0,1024.0,0.0002,50000.0,1024.0,0.0
exp_sigma,7.0,0.01,4.0,512.0,0.1,0.1,0.005937391018909592,43.69791054725647,5.0,5.0,64.0,20.0,20000.0,1024.0,0.0002,50000.0,1024.0,0.0
exp_sigma,7.0,0.01,4.0,512.0,0.3,0.3,0.005560958072993375,41.88053345680237,5.0,5.0,64.0,20.0,20000.0,1024.0,0.0002,50000.0,1024.0,0.0
exp_sigma,7.0,0.01,4.0,512.0,0.5,0.5,0.003955207953748649,42.31382203102112,5.0,5.0,64.0,20.0,20000.0,1024.0,0.0002,50000.0,1024.0,0.0
exp_sigma,7.0,0.01,4.0,512.0,0.7,0.7,0.0016007500484540552,41.33809041976929,5.0,5.0,64.0,20.0,20000.0,1024.0,0.0002,50000.0,1024.0,0.0
exp_sigma,7.0,0.01,4.0,512.0,0.9,0.9,0.0014254279595250607,41.53171181678772,5.0,5.0,64.0,20.0,20000.0,1024.0,0.0002,50000.0,1024.0,0.0
exp_sigma,7.0,0.1,4.0,512.0,0.1,0.1,0.005306309355363337,42.915080070495605,5.0,5.0,64.0,20.0,20000.0,1024.0,0.0002,50000.0,1024.0,0.0
exp_sigma,7.0,0.1,4.0,512.0,0.3,0.3,0.004529273500083711,41.5616729259491,5.0,5.0,64.0,20.0,20000.0,1024.0,0.0002,50000.0,1024.0,0.0
exp_sigma,7.0,0.1,4.0,512.0,0.5,0.5,0.002918092703802263,41.94513559341431,5.0,5.0,64.0,20.0,20000.0,1024.0,0.0002,50000.0,1024.0,0.0
exp_sigma,7.0,0.1,4.0,512.0,0.7,0.7,0.0027739907370378544,42.14575123786926,5.0,5.0,64.0,20.0,20000.0,1024.0,0.0002,50000.0,1024.0,0.0
exp_sigma,7.0,0.1,4.0,512.0,0.9,0.9,0.001943114506686144,41.77245116233826,5.0,5.0,64.0,20.0,20000.0,1024.0,0.0002,50000.0,1024.0,0.0
exp_sigma,7.0,1.0,4.0,512.0,0.1,0.1,0.003490556224088299,41.56671643257141,5.0,5.0,64.0,20.0,20000.0,1024.0,0.0002,50000.0,1024.0,0.0
exp_sigma,7.0,1.0,4.0,512.0,0.3,0.3,0.004945495315395821,41.884783029556274,5.0,5.0,64.0,20.0,20000.0,1024.0,0.0002,50000.0,1024.0,0.0
exp_sigma,7.0,1.0,4.0,512.0,0.5,0.5,0.0038527283251515373,41.65527558326721,5.0,5.0,64.0,20.0,20000.0,1024.0,0.0002,50000.0,1024.0,0.0
exp_sigma,7.0,1.0,4.0,512.0,0.7,0.7,0.0019327023473945917,42.89307165145874,5.0,5.0,64.0,20.0,20000.0,1024.0,0.0002,50000.0,1024.0,0.0
exp_sigma,7.0,1.0,4.0,512.0,0.9,0.9,0.0019949117762553,42.58785676956177,5.0,5.0,64.0,20.0,20000.0,1024.0,0.0002,50000.0,1024.0,0.0
exp_sigma,8.0,0.01,4.0,512.0,0.1,0.1,0.006212815864151582,42.62822508811951,5.0,5.0,64.0,20.0,20000.0,1024.0,0.0002,50000.0,1024.0,0.0
exp_sigma,8.0,0.01,4.0,512.0,0.3,0.3,0.0055010077572759195,41.6535120010376,5.0,5.0,64.0,20.0,20000.0,1024.0,0.0002,50000.0,1024.0,0.0
exp_sigma,8.0,0.01,4.0,512.0,0.5,0.5,0.003137884909439023,41.86161136627197,5.0,5.0,64.0,20.0,20000.0,1024.0,0.0002,50000.0,1024.0,0.0
exp_sigma,8.0,0.01,4.0,512.0,0.7,0.7,0.0014829225745222711,41.62156796455383,5.0,5.0,64.0,20.0,20000.0,1024.0,0.0002,50000.0,1024.0,0.0
exp_sigma,8.0,0.01,4.0,512.0,0.9,0.9,0.0012517403367883883,41.72693467140198,5.0,5.0,64.0,20.0,20000.0,1024.0,0.0002,50000.0,1024.0,0.0
exp_sigma,8.0,0.1,4.0,512.0,0.1,0.1,0.008616351397111447,42.121384382247925,5.0,5.0,64.0,20.0,20000.0,1024.0,0.0002,50000.0,1024.0,0.0
exp_sigma,8.0,0.1,4.0,512.0,0.3,0.3,0.0056301318329785265,42.33132219314575,5.0,5.0,64.0,20.0,20000.0,1024.0,0.0002,50000.0,1024.0,0.0
exp_sigma,8.0,0.1,4.0,512.0,0.5,0.5,0.0032420322869392863,41.649221658706665,5.0,5.0,64.0,20.0,20000.0,1024.0,0.0002,50000.0,1024.0,0.0
exp_sigma,8.0,0.1,4.0,512.0,0.7,0.7,0.0015677207626347968,41.877429246902466,5.0,5.0,64.0,20.0,20000.0,1024.0,0.0002,50000.0,1024.0,0.0
exp_sigma,8.0,0.1,4.0,512.0,0.9,0.9,0.0015953521957972967,43.26251697540283,5.0,5.0,64.0,20.0,20000.0,1024.0,0.0002,50000.0,1024.0,0.0
exp_sigma,8.0,1.0,4.0,512.0,0.1,0.1,0.003732421997234949,43.21316623687744,5.0,5.0,64.0,20.0,20000.0,1024.0,0.0002,50000.0,1024.0,0.0
exp_sigma,8.0,1.0,4.0,512.0,0.3,0.3,0.006191096795135205,41.97129034996033,5.0,5.0,64.0,20.0,20000.0,1024.0,0.0002,50000.0,1024.0,0.0
exp_sigma,8.0,1.0,4.0,512.0,0.5,0.5,0.0034750807336210643,41.884479999542236,5.0,5.0,64.0,20.0,20000.0,1024.0,0.0002,50000.0,1024.0,0.0
exp_sigma,8.0,1.0,4.0,512.0,0.7,0.7,0.0011842942923916688,41.70748543739319,5.0,5.0,64.0,20.0,20000.0,1024.0,0.0002,50000.0,1024.0,0.0
exp_sigma,8.0,1.0,4.0,512.0,0.9,0.9,0.0012005720782894756,41.872926473617554,5.0,5.0,64.0,20.0,20000.0,1024.0,0.0002,50000.0,1024.0,0.0
exp_sigma,9.0,0.01,4.0,512.0,0.1,0.1,0.00414080724113017,42.160884141922,5.0,5.0,64.0,20.0,20000.0,1024.0,0.0002,50000.0,1024.0,0.0
exp_sigma,9.0,0.01,4.0,512.0,0.3,0.3,0.005787546709319957,42.08286809921265,5.0,5.0,64.0,20.0,20000.0,1024.0,0.0002,50000.0,1024.0,0.0
exp_sigma,9.0,0.01,4.0,512.0,0.5,0.5,0.00323984198597124,42.737040996551514,5.0,5.0,64.0,20.0,20000.0,1024.0,0.0002,50000.0,1024.0,0.0
exp_sigma,9.0,0.01,4.0,512.0,0.7,0.7,0.0011990346833986565,41.933894634246826,5.0,5.0,64.0,20.0,20000.0,1024.0,0.0002,50000.0,1024.0,0.0
exp_sigma,9.0,0.01,4.0,512.0,0.9,0.9,0.001107380209503777,43.44612979888916,5.0,5.0,64.0,20.0,20000.0,1024.0,0.0002,50000.0,1024.0,0.0
exp_sigma,9.0,0.1,4.0,512.0,0.1,0.1,0.006306920185784399,42.513128995895386,5.0,5.0,64.0,20.0,20000.0,1024.0,0.0002,50000.0,1024.0,0.0
exp_sigma,9.0,0.1,4.0,512.0,0.3,0.3,0.005360344579072282,42.50513434410095,5.0,5.0,64.0,20.0,20000.0,1024.0,0.0002,50000.0,1024.0,0.0
exp_sigma,9.0,0.1,4.0,512.0,0.5,0.5,0.003209800054643602,41.58688259124756,5.0,5.0,64.0,20.0,20000.0,1024.0,0.0002,50000.0,1024.0,0.0
exp_sigma,9.0,0.1,4.0,512.0,0.7,0.7,0.0020067591211387283,42.46923208236694,5.0,5.0,64.0,20.0,20000.0,1024.0,0.0002,50000.0,1024.0,0.0
exp_sigma,9.0,0.1,4.0,512.0,0.9,0.9,0.0014193987587123949,41.926238775253296,5.0,5.0,64.0,20.0,20000.0,1024.0,0.0002,50000.0,1024.0,0.0
exp_sigma,9.0,1.0,4.0,512.0,0.1,0.1,0.003631397965236379,41.525681018829346,5.0,5.0,64.0,20.0,20000.0,1024.0,0.0002,50000.0,1024.0,0.0
exp_sigma,9.0,1.0,4.0,512.0,0.3,0.3,0.005637597361930882,42.07072138786316,5.0,5.0,64.0,20.0,20000.0,1024.0,0.0002,50000.0,1024.0,0.0
exp_sigma,9.0,1.0,4.0,512.0,0.5,0.5,0.003242994690893852,41.54485726356506,5.0,5.0,64.0,20.0,20000.0,1024.0,0.0002,50000.0,1024.0,0.0
exp_sigma,9.0,1.0,4.0,512.0,0.7,0.7,0.0012554222609933079,42.39588809013367,5.0,5.0,64.0,20.0,20000.0,1024.0,0.0002,50000.0,1024.0,0.0
exp_sigma,9.0,1.0,4.0,512.0,0.9,0.9,0.0015011634203481424,41.58329439163208,5.0,5.0,64.0,20.0,20000.0,1024.0,0.0002,50000.0,1024.0,0.0
exp_width,0.0,0.1,4.0,128.0,0.1,0.1,0.03236868775922518,43.03444790840149,5.0,5.0,64.0,20.0,20000.0,1024.0,0.0002,50000.0,1024.0,0.0
exp_width,0.0,0.1,4.0,128.0,0.3,0.3,0.040220226881500856,42.62346577644348,5.0,5.0,64.0,20.0,20000.0,1024.0,0.0002,50000.0,1024.0,0.0
exp_width,0.0,0.1,4.0,128.0,0.5,0.5,0.007993956247824953,42.568411350250244,5.0,5.0,64.0,20.0,20000.0,1024.0,0.0002,50000.0,1024.0,0.0
exp_width,0.0,0.1,4.0,128.0,0.7,0.7,0.005922420055001572,41.55355882644653,5.0,5.0,64.0,20.0,20000.0,1024.0,0.0002,50000.0,1024.0,0.0
exp_width,0.0,0.1,4.0,128.0,0.9,0.9,0.00563559351878597,42.25435209274292,5.0,5.0,64.0,20.0,20000.0,1024.0,0.0002,50000.0,1024.0,0.0
exp_width,0.0,0.1,4.0,256.0,0.1,0.1,0.00957814172870344,42.08133339881897,5.0,5.0,64.0,20.0,20000.0,1024.0,0.0002,50000.0,1024.0,0.0
exp_width,0.0,0.1,4.0,256.0,0.3,0.3,0.01935370877161581,42.43436408042908,5.0,5.0,64.0,20.0,20000.0,1024.0,0.0002,50000.0,1024.0,0.0
exp_width,0.0,0.1,4.0,256.0,0.5,0.5,0.004983008691161528,41.58864450454712,5.0,5.0,64.0,20.0,20000.0,1024.0,0.0002,50000.0,1024.0,0.0
exp_width,0.0,0.1,4.0,256.0,0.7,0.7,0.003870818787058655,42.08673334121704,5.0,5.0,64.0,20.0,20000.0,1024.0,0.0002,50000.0,1024.0,0.0
exp_width,0.0,0.1,4.0,256.0,0.9,0.9,0.002051370658437716,41.79725241661072,5.0,5.0,64.0,20.0,20000.0,1024.0,0.0002,50000.0,1024.0,0.0
exp_width,0.0,0.1,4.0,512.0,0.1,0.1,0.012269321566309162,41.59243297576904,5.0,5.0,64.0,20.0,20000.0,1024.0,0.0002,50000.0,1024.0,0.0
exp_width,0.0,0.1,4.0,512.0,0.3,0.3,0.005473109533162133,43.414395570755005,5.0,5.0,64.0,20.0,20000.0,1024.0,0.0002,50000.0,1024.0,0.0
exp_width,0.0,0.1,4.0,512.0,0.5,0.5,0.0034589618066789233,41.79937410354614,5.0,5.0,64.0,20.0,20000.0,1024.0,0.0002,50000.0,1024.0,0.0
exp_width,0.0,0.1,4.0,512.0,0.7,0.7,0.001457563008925842,41.43265414237976,5.0,5.0,64.0,20.0,20000.0,1024.0,0.0002,50000.0,1024.0,0.0
exp_width,0.0,0.1,4.0,512.0,0.9,0.9,0.0029095444976895393,42.517319202423096,5.0,5.0,64.0,20.0,20000.0,1024.0,0.0002,50000.0,1024.0,0.0
exp_width,0.0,0.1,4.0,1024.0,0.1,0.1,0.003235290142636876,72.89425802230835,5.0,5.0,64.0,20.0,20000.0,1024.0,0.0002,50000.0,1024.0,0.0
exp_width,0.0,0.1,4.0,1024.0,0.3,0.3,0.0026042216285129777,73.47825646400452,5.0,5.0,64.0,20.0,20000.0,1024.0,0.0002,50000.0,1024.0,0.0
exp_width,0.0,0.1,4.0,1024.0,0.5,0.5,0.002364446446534386,73.86242842674255,5.0,5.0,64.0,20.0,20000.0,1024.0,0.0002,50000.0,1024.0,0.0
exp_width,0.0,0.1,4.0,1024.0,0.7,0.7,0.0008860767764680262,74.2423038482666,5.0,5.0,64.0,20.0,20000.0,1024.0,0.0002,50000.0,1024.0,0.0
exp_width,0.0,0.1,4.0,1024.0,0.9,0.9,0.0014210678984709682,74.41183853149414,5.0,5.0,64.0,20.0,20000.0,1024.0,0.0002,50000.0,1024.0,0.0
exp_width,0.0,0.1,4.0,2048.0,0.1,0.1,0.002728717974149271,235.51595211029053,5.0,5.0,64.0,20.0,20000.0,1024.0,0.0002,50000.0,1024.0,0.0
exp_width,0.0,0.1,4.0,2048.0,0.3,0.3,0.002182745636632722,235.75344371795654,5.0,5.0,64.0,20.0,20000.0,1024.0,0.0002,50000.0,1024.0,0.0
exp_width,0.0,0.1,4.0,2048.0,0.5,0.5,0.001201418175375753,236.2924439907074,5.0,5.0,64.0,20.0,20000.0,1024.0,0.0002,50000.0,1024.0,0.0
exp_width,0.0,0.1,4.0,2048.0,0.7,0.7,0.0010620010424699196,236.42831945419312,5.0,5.0,64.0,20.0,20000.0,1024.0,0.0002,50000.0,1024.0,0.0
exp_width,0.0,0.1,4.0,2048.0,0.9,0.9,0.0012669551407518606,236.55242228507996,5.0,5.0,64.0,20.0,20000.0,1024.0,0.0002,50000.0,1024.0,0.0
exp_width,1.0,0.1,4.0,128.0,0.1,0.1,0.03598867168940851,44.10239887237549,5.0,5.0,64.0,20.0,20000.0,1024.0,0.0002,50000.0,1024.0,0.0
exp_width,1.0,0.1,4.0,128.0,0.3,0.3,0.04124458730326822,43.64193415641785,5.0,5.0,64.0,20.0,20000.0,1024.0,0.0002,50000.0,1024.0,0.0
exp_width,1.0,0.1,4.0,128.0,0.5,0.5,0.007926038751957076,41.40205979347229,5.0,5.0,64.0,20.0,20000.0,1024.0,0.0002,50000.0,1024.0,0.0
exp_width,1.0,0.1,4.0,128.0,0.7,0.7,0.005452840959161009,42.43521237373352,5.0,5.0,64.0,20.0,20000.0,1024.0,0.0002,50000.0,1024.0,0.0
exp_width,1.0,0.1,4.0,128.0,0.9,0.9,0.004918182002630904,42.25155305862427,5.0,5.0,64.0,20.0,20000.0,1024.0,0.0002,50000.0,1024.0,0.0
exp_width,1.0,0.1,4.0,256.0,0.1,0.1,0.00917592802771385,41.89619731903076,5.0,5.0,64.0,20.0,20000.0,1024.0,0.0002,50000.0,1024.0,0.0
exp_width,1.0,0.1,4.0,256.0,0.3,0.3,0.01747448058013252,41.86274695396423,5.0,5.0,64.0,20.0,20000.0,1024.0,0.0002,50000.0,1024.0,0.0
exp_width,1.0,0.1,4.0,256.0,0.5,0.5,0.004349206823885198,41.82919001579285,5.0,5.0,64.0,20.0,20000.0,1024.0,0.0002,50000.0,1024.0,0.0
exp_width,1.0,0.1,4.0,256.0,0.7,0.7,0.0023332928313730635,42.08500528335571,5.0,5.0,64.0,20.0,20000.0,1024.0,0.0002,50000.0,1024.0,0.0
exp_width,1.0,0.1,4.0,256.0,0.9,0.9,0.004318596784098383,42.494914054870605,5.0,5.0,64.0,20.0,20000.0,1024.0,0.0002,50000.0,1024.0,0.0
exp_width,1.0,0.1,4.0,512.0,0.1,0.1,0.004797459522105123,42.05039048194885,5.0,5.0,64.0,20.0,20000.0,1024.0,0.0002,50000.0,1024.0,0.0
exp_width,1.0,0.1,4.0,512.0,0.3,0.3,0.0044107904262652734,41.7408881187439,5.0,5.0,64.0,20.0,20000.0,1024.0,0.0002,50000.0,1024.0,0.0
exp_width,1.0,0.1,4.0,512.0,0.5,0.5,0.0032130042262766036,41.364887714385986,5.0,5.0,64.0,20.0,20000.0,1024.0,0.0002,50000.0,1024.0,0.0
exp_width,1.0,0.1,4.0,512.0,0.7,0.7,0.0013677274703201808,42.041094064712524,5.0,5.0,64.0,20.0,20000.0,1024.0,0.0002,50000.0,1024.0,0.0
exp_width,1.0,0.1,4.0,512.0,0.9,0.9,0.0013002475476033696,41.5265052318573,5.0,5.0,64.0,20.0,20000.0,1024.0,0.0002,50000.0,1024.0,0.0
exp_width,1.0,0.1,4.0,1024.0,0.1,0.1,0.003038518947509607,72.77179193496704,5.0,5.0,64.0,20.0,20000.0,1024.0,0.0002,50000.0,1024.0,0.0
exp_width,1.0,0.1,4.0,1024.0,0.3,0.3,0.0033030463966978976,73.53602457046509,5.0,5.0,64.0,20.0,20000.0,1024.0,0.0002,50000.0,1024.0,0.0
exp_width,1.0,0.1,4.0,1024.0,0.5,0.5,0.0022263899031632326,73.96377539634705,5.0,5.0,64.0,20.0,20000.0,1024.0,0.0002,50000.0,1024.0,0.0
exp_width,1.0,0.1,4.0,1024.0,0.7,0.7,0.0012029502878023977,74.3257622718811,5.0,5.0,64.0,20.0,20000.0,1024.0,0.0002,50000.0,1024.0,0.0
exp_width,1.0,0.1,4.0,1024.0,0.9,0.9,0.0009821959542836024,74.37043809890747,5.0,5.0,64.0,20.0,20000.0,1024.0,0.0002,50000.0,1024.0,0.0
exp_width,1.0,0.1,4.0,2048.0,0.1,0.1,0.0023940097752151107,236.18951082229614,5.0,5.0,64.0,20.0,20000.0,1024.0,0.0002,50000.0,1024.0,0.0
exp_width,1.0,0.1,4.0,2048.0,0.3,0.3,0.0021714916385212005,236.8522653579712,5.0,5.0,64.0,20.0,20000.0,1024.0,0.0002,50000.0,1024.0,0.0
exp_width,1.0,0.1,4.0,2048.0,0.5,0.5,0.001393907980967255,236.41697692871094,5.0,5.0,64.0,20.0,20000.0,1024.0,0.0002,50000.0,1024.0,0.0
exp_width,1.0,0.1,4.0,2048.0,0.7,0.7,0.0008672642483694889,236.1227843761444,5.0,5.0,64.0,20.0,20000.0,1024.0,0.0002,50000.0,1024.0,0.0
exp_width,1.0,0.1,4.0,2048.0,0.9,0.9,0.0012915130257367376,235.45842289924622,5.0,5.0,64.0,20.0,20000.0,1024.0,0.0002,50000.0,1024.0,0.0
exp_width,2.0,0.1,4.0,128.0,0.1,0.1,0.03108839413595041,41.7549102306366,5.0,5.0,64.0,20.0,20000.0,1024.0,0.0002,50000.0,1024.0,0.0
exp_width,2.0,0.1,4.0,128.0,0.3,0.3,0.041449325585308054,41.55289578437805,5.0,5.0,64.0,20.0,20000.0,1024.0,0.0002,50000.0,1024.0,0.0
exp_width,2.0,0.1,4.0,128.0,0.5,0.5,0.009402308562793227,41.65670585632324,5.0,5.0,64.0,20.0,20000.0,1024.0,0.0002,50000.0,1024.0,0.0
exp_width,2.0,0.1,4.0,128.0,0.7,0.7,0.0054135514042510545,41.85738158226013,5.0,5.0,64.0,20.0,20000.0,1024.0,0.0002,50000.0,1024.0,0.0
exp_width,2.0,0.1,4.0,128.0,0.9,0.9,0.006210818133809527,43.12796592712402,5.0,5.0,64.0,20.0,20000.0,1024.0,0.0002,50000.0,1024.0,0.0
exp_width,2.0,0.1,4.0,256.0,0.1,0.1,0.009582325330507159,42.24800229072571,5.0,5.0,64.0,20.0,20000.0,1024.0,0.0002,50000.0,1024.0,0.0
exp_width,2.0,0.1,4.0,256.0,0.3,0.3,0.02164212928372818,42.79715967178345,5.0,5.0,64.0,20.0,20000.0,1024.0,0.0002,50000.0,1024.0,0.0
exp_width,2.0,0.1,4.0,256.0,0.5,0.5,0.0048922127016582445,42.287919998168945,5.0,5.0,64.0,20.0,20000.0,1024.0,0.0002,50000.0,1024.0,0.0
exp_width,2.0,0.1,4.0,256.0,0.7,0.7,0.002490518353907308,42.104982137680054,5.0,5.0,64.0,20.0,20000.0,1024.0,0.0002,50000.0,1024.0,0.0
exp_width,2.0,0.1,4.0,256.0,0.9,0.9,0.004150119074242187,42.97609519958496,5.0,5.0,64.0,20.0,20000.0,1024.0,0.0002,50000.0,1024.0,0.0
exp_width,2.0,0.1,4.0,512.0,0.1,0.1,0.005760490829855506,42.35335731506348,5.0,5.0,64.0,20.0,20000.0,1024.0,0.0002,50000.0,1024.0,0.0
exp_width,2.0,0.1,4.0,512.0,0.3,0.3,0.004695172197897,41.45821809768677,5.0,5.0,64.0,20.0,20000.0,1024.0,0.0002,50000.0,1024.0,0.0
exp_width,2.0,0.1,4.0,512.0,0.5,0.5,0.0029649566445344978,41.51485633850098,5.0,5.0,64.0,20.0,20000.0,1024.0,0.0002,50000.0,1024.0,0.0
exp_width,2.0,0.1,4.0,512.0,0.7,0.7,0.0011761532539355552,41.45295071601868,5.0,5.0,64.0,20.0,20000.0,1024.0,0.0002,50000.0,1024.0,0.0
exp_width,2.0,0.1,4.0,512.0,0.9,0.9,0.0014594575775351152,41.555362701416016,5.0,5.0,64.0,20.0,20000.0,1024.0,0.0002,50000.0,1024.0,0.0
exp_width,2.0,0.1,4.0,1024.0,0.1,0.1,0.0027337335922671467,72.7430670261383,5.0,5.0,64.0,20.0,20000.0,1024.0,0.0002,50000.0,1024.0,0.0
exp_width,2.0,0.1,4.0,1024.0,0.3,0.3,0.0028428713074600946,73.51692342758179,5.0,5.0,64.0,20.0,20000.0,1024.0,0.0002,50000.0,1024.0,0.0
exp_width,2.0,0.1,4.0,1024.0,0.5,0.5,0.0019841494565730287,74.0470609664917,5.0,5.0,64.0,20.0,20000.0,1024.0,0.0002,50000.0,1024.0,0.0
exp_width,2.0,0.1,4.0,1024.0,0.7,0.7,0.001774843085164331,74.57939553260803,5.0,5.0,64.0,20.0,20000.0,1024.0,0.0002,50000.0,1024.0,0.0
exp_width,2.0,0.1,4.0,1024.0,0.9,0.9,0.002069161374635098,74.5294280052185,5.0,5.0,64.0,20.0,20000.0,1024.0,0.0002,50000.0,1024.0,0.0
exp_width,2.0,0.1,4.0,2048.0,0.1,0.1,0.0031607015008407115,237.78193879127502,5.0,5.0,64.0,20.0,20000.0,1024.0,0.0002,50000.0,1024.0,0.0
exp_width,2.0,0.1,4.0,2048.0,0.3,0.3,0.00206854626130353,237.87689089775085,5.0,5.0,64.0,20.0,20000.0,1024.0,0.0002,50000.0,1024.0,0.0
exp_width,2.0,0.1,4.0,2048.0,0.5,0.5,0.0019597790725684947,237.1117925643921,5.0,5.0,64.0,20.0,20000.0,1024.0,0.0002,50000.0,1024.0,0.0
exp_width,2.0,0.1,4.0,2048.0,0.7,0.7,0.0019334758987138707,236.76009917259216,5.0,5.0,64.0,20.0,20000.0,1024.0,0.0002,50000.0,1024.0,0.0
exp_width,2.0,0.1,4.0,2048.0,0.9,0.9,0.0011541802021480779,235.83789134025574,5.0,5.0,64.0,20.0,20000.0,1024.0,0.0002,50000.0,1024.0,0.0
exp_width,3.0,0.1,4.0,128.0,0.1,0.1,0.03697545802690104,42.54706931114197,5.0,5.0,64.0,20.0,20000.0,1024.0,0.0002,50000.0,1024.0,0.0
exp_width,3.0,0.1,4.0,128.0,0.3,0.3,0.03814377076847334,42.53301119804382,5.0,5.0,64.0,20.0,20000.0,1024.0,0.0002,50000.0,1024.0,0.0
exp_width,3.0,0.1,4.0,128.0,0.5,0.5,0.008409616894378559,41.57430338859558,5.0,5.0,64.0,20.0,20000.0,1024.0,0.0002,50000.0,1024.0,0.0
exp_width,3.0,0.1,4.0,128.0,0.7,0.7,0.004720320613128389,43.367961168289185,5.0,5.0,64.0,20.0,20000.0,1024.0,0.0002,50000.0,1024.0,0.0
exp_width,3.0,0.1,4.0,128.0,0.9,0.9,0.004627346949113284,43.52154755592346,5.0,5.0,64.0,20.0,20000.0,1024.0,0.0002,50000.0,1024.0,0.0
exp_width,3.0,0.1,4.0,256.0,0.1,0.1,0.011340334972632716,42.80409550666809,5.0,5.0,64.0,20.0,20000.0,1024.0,0.0002,50000.0,1024.0,0.0
exp_width,3.0,0.1,4.0,256.0,0.3,0.3,0.015609187459977565,42.14515161514282,5.0,5.0,64.0,20.0,20000.0,1024.0,0.0002,50000.0,1024.0,0.0
exp_width,3.0,0.1,4.0,256.0,0.5,0.5,0.0044791829828427256,41.859583616256714,5.0,5.0,64.0,20.0,20000.0,1024.0,0.0002,50000.0,1024.0,0.0
exp_width,3.0,0.1,4.0,256.0,0.7,0.7,0.003958699406869381,41.869091272354126,5.0,5.0,64.0,20.0,20000.0,1024.0,0.0002,50000.0,1024.0,0.0
exp_width,3.0,0.1,4.0,256.0,0.9,0.9,0.005011196719273869,43.26373028755188,5.0,5.0,64.0,20.0,20000.0,1024.0,0.0002,50000.0,1024.0,0.0
exp_width,3.0,0.1,4.0,512.0,0.1,0.1,0.011216830248440222,41.88388204574585,5.0,5.0,64.0,20.0,20000.0,1024.0,0.0002,50000.0,1024.0,0.0
exp_width,3.0,0.1,4.0,512.0,0.3,0.3,0.004632383055451315,42.20258045196533,5.0,5.0,64.0,20.0,20000.0,1024.0,0.0002,50000.0,1024.0,0.0
exp_width,3.0,0.1,4.0,512.0,0.5,0.5,0.0034159534659131802,42.90564560890198,5.0,5.0,64.0,20.0,20000.0,1024.0,0.0002,50000.0,1024.0,0.0
exp_width,3.0,0.1,4.0,512.0,0.7,0.7,0.0011393156493293296,41.961753606796265,5.0,5.0,64.0,20.0,20000.0,1024.0,0.0002,50000.0,1024.0,0.0
exp_width,3.0,0.1,4.0,512.0,0.9,0.9,0.0011759947437995483,42.036312103271484,5.0,5.0,64.0,20.0,20000.0,1024.0,0.0002,50000.0,1024.0,0.0
exp_width,3.0,0.1,4.0,1024.0,0.1,0.1,0.002688007695601849,72.48372054100037,5.0,5.0,64.0,20.0,20000.0,1024.0,0.0002,50000.0,1024.0,0.0
exp_width,3.0,0.1,4.0,1024.0,0.3,0.3,0.002746984893283719,73.27512836456299,5.0,5.0,64.0,20.0,20000.0,1024.0,0.0002,50000.0,1024.0,0.0
exp_width,3.0,0.1,4.0,1024.0,0.5,0.5,0.0023581129060279414,73.729243516922,5.0,5.0,64.0,20.0,20000.0,1024.0,0.0002,50000.0,1024.0,0.0
exp_width,3.0,0.1,4.0,1024.0,0.7,0.7,0.0010891956185133068,74.08200097084045,5.0,5.0,64.0,20.0,20000.0,1024.0,0.0002,50000.0,1024.0,0.0
exp_width,3.0,0.1,4.0,1024.0,0.9,0.9,0.001439226653718477,74.13947606086731,5.0,5.0,64.0,20.0,20000.0,1024.0,0.0002,50000.0,1024.0,0.0
exp_width,3.0,0.1,4.0,2048.0,0.1,0.1,0.0027072976381696608,236.465594291687,5.0,5.0,64.0,20.0,20000.0,1024.0,0.0002,50000.0,1024.0,0.0
exp_width,3.0,0.1,4.0,2048.0,0.3,0.3,0.0022288857507851974,237.46829056739807,5.0,5.0,64.0,20.0,20000.0,1024.0,0.0002,50000.0,1024.0,0.0
exp_width,3.0,0.1,4.0,2048.0,0.5,0.5,0.0014787790870523646,237.57611680030823,5.0,5.0,64.0,20.0,20000.0,1024.0,0.0002,50000.0,1024.0,0.0
exp_width,3.0,0.1,4.0,2048.0,0.7,0.7,0.0009048537690362349,237.89906191825867,5.0,5.0,64.0,20.0,20000.0,1024.0,0.0002,50000.0,1024.0,0.0
exp_width,3.0,0.1,4.0,2048.0,0.9,0.9,0.0012498078721514183,237.4831748008728,5.0,5.0,64.0,20.0,20000.0,1024.0,0.0002,50000.0,1024.0,0.0
exp_width,4.0,0.1,4.0,128.0,0.1,0.1,0.034464193895332826,42.569026708602905,5.0,5.0,64.0,20.0,20000.0,1024.0,0.0002,50000.0,1024.0,0.0
exp_width,4.0,0.1,4.0,128.0,0.3,0.3,0.03599443334216662,42.250102043151855,5.0,5.0,64.0,20.0,20000.0,1024.0,0.0002,50000.0,1024.0,0.0
exp_width,4.0,0.1,4.0,128.0,0.5,0.5,0.00852843589542081,41.55251121520996,5.0,5.0,64.0,20.0,20000.0,1024.0,0.0002,50000.0,1024.0,0.0
exp_width,4.0,0.1,4.0,128.0,0.7,0.7,0.006914250969535196,42.16392683982849,5.0,5.0,64.0,20.0,20000.0,1024.0,0.0002,50000.0,1024.0,0.0
exp_width,4.0,0.1,4.0,128.0,0.9,0.9,0.005739818547422851,41.73728966712952,5.0,5.0,64.0,20.0,20000.0,1024.0,0.0002,50000.0,1024.0,0.0
exp_width,4.0,0.1,4.0,256.0,0.1,0.1,0.009829631350876214,42.27431082725525,5.0,5.0,64.0,20.0,20000.0,1024.0,0.0002,50000.0,1024.0,0.0
exp_width,4.0,0.1,4.0,256.0,0.3,0.3,0.0210173459074316,42.82258725166321,5.0,5.0,64.0,20.0,20000.0,1024.0,0.0002,50000.0,1024.0,0.0
exp_width,4.0,0.1,4.0,256.0,0.5,0.5,0.005322416683659935,41.86626982688904,5.0,5.0,64.0,20.0,20000.0,1024.0,0.0002,50000.0,1024.0,0.0
exp_width,4.0,0.1,4.0,256.0,0.7,0.7,0.002895917401474571,42.08469891548157,5.0,5.0,64.0,20.0,20000.0,1024.0,0.0002,50000.0,1024.0,0.0
exp_width,4.0,0.1,4.0,256.0,0.9,0.9,0.003017726785478881,42.171300649642944,5.0,5.0,64.0,20.0,20000.0,1024.0,0.0002,50000.0,1024.0,0.0
exp_width,4.0,0.1,4.0,512.0,0.1,0.1,0.0035284023257805015,42.63573384284973,5.0,5.0,64.0,20.0,20000.0,1024.0,0.0002,50000.0,1024.0,0.0
exp_width,4.0,0.1,4.0,512.0,0.3,0.3,0.004427341428585498,41.563605070114136,5.0,5.0,64.0,20.0,20000.0,1024.0,0.0002,50000.0,1024.0,0.0
exp_width,4.0,0.1,4.0,512.0,0.5,0.5,0.0030368840991576917,42.268574714660645,5.0,5.0,64.0,20.0,20000.0,1024.0,0.0002,50000.0,1024.0,0.0
exp_width,4.0,0.1,4.0,512.0,0.7,0.7,0.001622431470860101,42.158862352371216,5.0,5.0,64.0,20.0,20000.0,1024.0,0.0002,50000.0,1024.0,0.0
exp_width,4.0,0.1,4.0,512.0,0.9,0.9,0.0013796562938340855,42.45136570930481,5.0,5.0,64.0,20.0,20000.0,1024.0,0.0002,50000.0,1024.0,0.0
exp_width,4.0,0.1,4.0,1024.0,0.1,0.1,0.0028266106281741913,72.47580814361572,5.0,5.0,64.0,20.0,20000.0,1024.0,0.0002,50000.0,1024.0,0.0
exp_width,4.0,0.1,4.0,1024.0,0.3,0.3,0.0038602545119727823,73.36700344085693,5.0,5.0,64.0,20.0,20000.0,1024.0,0.0002,50000.0,1024.0,0.0
exp_width,4.0,0.1,4.0,1024.0,0.5,0.5,0.0020946124373343758,73.86717319488525,5.0,5.0,64.0,20.0,20000.0,1024.0,0.0002,50000.0,1024.0,0.0
exp_width,4.0,0.1,4.0,1024.0,0.7,0.7,0.0009624990764007821,74.25548839569092,5.0,5.0,64.0,20.0,20000.0,1024.0,0.0002,50000.0,1024.0,0.0
exp_width,4.0,0.1,4.0,1024.0,0.9,0.9,0.0015093707734724583,74.39272713661194,5.0,5.0,64.0,20.0,20000.0,1024.0,0.0002,50000.0,1024.0,0.0
exp_width,4.0,0.1,4.0,2048.0,0.1,0.1,0.0024476322229682354,237.05486273765564,5.0,5.0,64.0,20.0,20000.0,1024.0,0.0002,50000.0,1024.0,0.0
exp_width,4.0,0.1,4.0,2048.0,0.3,0.3,0.002047803419775492,237.97280526161194,5.0,5.0,64.0,20.0,20000.0,1024.0,0.0002,50000.0,1024.0,0.0
exp_width,4.0,0.1,4.0,2048.0,0.5,0.5,0.0013023244286344327,238.14072942733765,5.0,5.0,64.0,20.0,20000.0,1024.0,0.0002,50000.0,1024.0,0.0
exp_width,4.0,0.1,4.0,2048.0,0.7,0.7,0.001668368545905765,238.3431408405304,5.0,5.0,64.0,20.0,20000.0,1024.0,0.0002,50000.0,1024.0,0.0
exp_width,4.0,0.1,4.0,2048.0,0.9,0.9,0.0011634287414956385,237.70679831504822,5.0,5.0,64.0,20.0,20000.0,1024.0,0.0002,50000.0,1024.0,0.0
exp_width,5.0,0.1,4.0,128.0,0.1,0.1,0.034533005763921966,42.37537217140198,5.0,5.0,64.0,20.0,20000.0,1024.0,0.0002,50000.0,1024.0,0.0
exp_width,5.0,0.1,4.0,128.0,0.3,0.3,0.03942679598524469,41.940200328826904,5.0,5.0,64.0,20.0,20000.0,1024.0,0.0002,50000.0,1024.0,0.0
exp_width,5.0,0.1,4.0,128.0,0.5,0.5,0.008406973685429926,42.52583432197571,5.0,5.0,64.0,20.0,20000.0,1024.0,0.0002,50000.0,1024.0,0.0
exp_width,5.0,0.1,4.0,128.0,0.7,0.7,0.004664291785847376,42.02268314361572,5.0,5.0,64.0,20.0,20000.0,1024.0,0.0002,50000.0,1024.0,0.0
exp_width,5.0,0.1,4.0,128.0,0.9,0.9,0.005595060663355588,41.88700604438782,5.0,5.0,64.0,20.0,20000.0,1024.0,0.0002,50000.0,1024.0,0.0
exp_width,5.0,0.1,4.0,256.0,0.1,0.1,0.010086227734769861,42.81968545913696,5.0,5.0,64.0,20.0,20000.0,1024.0,0.0002,50000.0,1024.0,0.0
exp_width,5.0,0.1,4.0,256.0,0.3,0.3,0.014809241676442698,41.94336938858032,5.0,5.0,64.0,20.0,20000.0,1024.0,0.0002,50000.0,1024.0,0.0
exp_width,5.0,0.1,4.0,256.0,0.5,0.5,0.006006570193405458,43.534080028533936,5.0,5.0,64.0,20.0,20000.0,1024.0,0.0002,50000.0,1024.0,0.0
exp_width,5.0,0.1,4.0,256.0,0.7,0.7,0.0029509637579692508,42.15257906913757,5.0,5.0,64.0,20.0,20000.0,1024.0,0.0002,50000.0,1024.0,0.0
exp_width,5.0,0.1,4.0,256.0,0.9,0.9,0.0033490656175149476,42.161519289016724,5.0,5.0,64.0,20.0,20000.0,1024.0,0.0002,50000.0,1024.0,0.0
exp_width,5.0,0.1,4.0,512.0,0.1,0.1,0.006549683357547562,41.42121481895447,5.0,5.0,64.0,20.0,20000.0,1024.0,0.0002,50000.0,1024.0,0.0
exp_width,5.0,0.1,4.0,512.0,0.3,0.3,0.004777135680994779,43.00589203834534,5.0,5.0,64.0,20.0,20000.0,1024.0,0.0002,50000.0,1024.0,0.0
exp_width,5.0,0.1,4.0,512.0,0.5,0.5,0.0027266394660280906,42.55848813056946,5.0,5.0,64.0,20.0,20000.0,1024.0,0.0002,50000.0,1024.0,0.0
exp_width,5.0,0.1,4.0,512.0,0.7,0.7,0.001228443372145797,41.79742956161499,5.0,5.0,64.0,20.0,20000.0,1024.0,0.0002,50000.0,1024.0,0.0
exp_width,5.0,0.1,4.0,512.0,0.9,0.9,0.0017384888680760306,42.07526874542236,5.0,5.0,64.0,20.0,20000.0,1024.0,0.0002,50000.0,1024.0,0.0
exp_width,5.0,0.1,4.0,1024.0,0.1,0.1,0.0028757895359306698,72.56708359718323,5.0,5.0,64.0,20.0,20000.0,1024.0,0.0002,50000.0,1024.0,0.0
exp_width,5.0,0.1,4.0,1024.0,0.3,0.3,0.0026547988594266617,73.38162279129028,5.0,5.0,64.0,20.0,20000.0,1024.0,0.0002,50000.0,1024.0,0.0
exp_width,5.0,0.1,4.0,1024.0,0.5,0.5,0.0028034264987071254,73.84841227531433,5.0,5.0,64.0,20.0,20000.0,1024.0,0.0002,50000.0,1024.0,0.0
exp_width,5.0,0.1,4.0,1024.0,0.7,0.7,0.0012161620365164847,74.24294328689575,5.0,5.0,64.0,20.0,20000.0,1024.0,0.0002,50000.0,1024.0,0.0
exp_width,5.0,0.1,4.0,1024.0,0.9,0.9,0.0018220317527935647,74.18949699401855,5.0,5.0,64.0,20.0,20000.0,1024.0,0.0002,50000.0,1024.0,0.0
exp_width,5.0,0.1,4.0,2048.0,0.1,0.1,0.0027311122211443116,235.99120688438416,5.0,5.0,64.0,20.0,20000.0,1024.0,0.0002,50000.0,1024.0,0.0
exp_width,5.0,0.1,4.0,2048.0,0.3,0.3,0.0024793545337865952,236.63101649284363,5.0,5.0,64.0,20.0,20000.0,1024.0,0.0002,50000.0,1024.0,0.0
exp_width,5.0,0.1,4.0,2048.0,0.5,0.5,0.001538882430473821,237.025545835495,5.0,5.0,64.0,20.0,20000.0,1024.0,0.0002,50000.0,1024.0,0.0
exp_width,5.0,0.1,4.0,2048.0,0.7,0.7,0.0009643090977554138,237.57154655456543,5.0,5.0,64.0,20.0,20000.0,1024.0,0.0002,50000.0,1024.0,0.0
exp_width,5.0,0.1,4.0,2048.0,0.9,0.9,0.001261529997962327,237.98694324493408,5.0,5.0,64.0,20.0,20000.0,1024.0,0.0002,50000.0,1024.0,0.0
exp_width,6.0,0.1,4.0,128.0,0.1,0.1,0.03594366925231924,42.33048987388611,5.0,5.0,64.0,20.0,20000.0,1024.0,0.0002,50000.0,1024.0,0.0
exp_width,6.0,0.1,4.0,128.0,0.3,0.3,0.0392186415476217,41.854264974594116,5.0,5.0,64.0,20.0,20000.0,1024.0,0.0002,50000.0,1024.0,0.0
exp_width,6.0,0.1,4.0,128.0,0.5,0.5,0.00870180010471449,41.79268527030945,5.0,5.0,64.0,20.0,20000.0,1024.0,0.0002,50000.0,1024.0,0.0
exp_width,6.0,0.1,4.0,128.0,0.7,0.7,0.005706895522375799,42.37531328201294,5.0,5.0,64.0,20.0,20000.0,1024.0,0.0002,50000.0,1024.0,0.0
exp_width,6.0,0.1,4.0,128.0,0.9,0.9,0.004850116210589724,42.043718338012695,5.0,5.0,64.0,20.0,20000.0,1024.0,0.0002,50000.0,1024.0,0.0
exp_width,6.0,0.1,4.0,256.0,0.1,0.1,0.007349324974363494,41.50035858154297,5.0,5.0,64.0,20.0,20000.0,1024.0,0.0002,50000.0,1024.0,0.0
exp_width,6.0,0.1,4.0,256.0,0.3,0.3,0.02129788350079831,42.521310806274414,5.0,5.0,64.0,20.0,20000.0,1024.0,0.0002,50000.0,1024.0,0.0
exp_width,6.0,0.1,4.0,256.0,0.5,0.5,0.004738216600843295,42.13144850730896,5.0,5.0,64.0,20.0,20000.0,1024.0,0.0002,50000.0,1024.0,0.0
exp_width,6.0,0.1,4.0,256.0,0.7,0.7,0.002513146104581288,42.01730298995972,5.0,5.0,64.0,20.0,20000.0,1024.0,0.0002,50000.0,1024.0,0.0
exp_width,6.0,0.1,4.0,256.0,0.9,0.9,0.0020053497677878116,41.8965277671814,5.0,5.0,64.0,20.0,20000.0,1024.0,0.0002,50000.0,1024.0,0.0
exp_width,6.0,0.1,4.0,512.0,0.1,0.1,0.0067186588435311,41.62315535545349,5.0,5.0,64.0,20.0,20000.0,1024.0,0.0002,50000.0,1024.0,0.0
exp_width,6.0,0.1,4.0,512.0,0.3,0.3,0.005150995886713578,42.18694496154785,5.0,5.0,64.0,20.0,20000.0,1024.0,0.0002,50000.0,1024.0,0.0
exp_width,6.0,0.1,4.0,512.0,0.5,0.5,0.002413274291535148,41.74029326438904,5.0,5.0,64.0,20.0,20000.0,1024.0,0.0002,50000.0,1024.0,0.0
exp_width,6.0,0.1,4.0,512.0,0.7,0.7,0.0014413022551993694,43.14482402801514,5.0,5.0,64.0,20.0,20000.0,1024.0,0.0002,50000.0,1024.0,0.0
exp_width,6.0,0.1,4.0,512.0,0.9,0.9,0.0014552151199829142,42.738468408584595,5.0,5.0,64.0,20.0,20000.0,1024.0,0.0002,50000.0,1024.0,0.0
exp_width,6.0,0.1,4.0,1024.0,0.1,0.1,0.003330734103822253,72.87076544761658,5.0,5.0,64.0,20.0,20000.0,1024.0,0.0002,50000.0,1024.0,0.0
exp_width,6.0,0.1,4.0,1024.0,0.3,0.3,0.0036494429855559864,73.63069939613342,5.0,5.0,64.0,20.0,20000.0,1024.0,0.0002,50000.0,1024.0,0.0
exp_width,6.0,0.1,4.0,1024.0,0.5,0.5,0.0024898145965743745,74.013916015625,5.0,5.0,64.0,20.0,20000.0,1024.0,0.0002,50000.0,1024.0,0.0
exp_width,6.0,0.1,4.0,1024.0,0.7,0.7,0.0008643912318707108,74.34342622756958,5.0,5.0,64.0,20.0,20000.0,1024.0,0.0002,50000.0,1024.0,0.0
exp_width,6.0,0.1,4.0,1024.0,0.9,0.9,0.0008847609051484783,74.32765340805054,5.0,5.0,64.0,20.0,20000.0,1024.0,0.0002,50000.0,1024.0,0.0
exp_width,6.0,0.1,4.0,2048.0,0.1,0.1,0.002402058431270628,236.0922315120697,5.0,5.0,64.0,20.0,20000.0,1024.0,0.0002,50000.0,1024.0,0.0
exp_width,6.0,0.1,4.0,2048.0,0.3,0.3,0.0030456040502343535,236.7555708885193,5.0,5.0,64.0,20.0,20000.0,1024.0,0.0002,50000.0,1024.0,0.0
exp_width,6.0,0.1,4.0,2048.0,0.5,0.5,0.001448159087579808,236.93618822097778,5.0,5.0,64.0,20.0,20000.0,1024.0,0.0002,50000.0,1024.0,0.0
exp_width,6.0,0.1,4.0,2048.0,0.7,0.7,0.0014177037878090521,237.321435213089,5.0,5.0,64.0,20.0,20000.0,1024.0,0.0002,50000.0,1024.0,0.0
exp_width,6.0,0.1,4.0,2048.0,0.9,0.9,0.0017886762001273876,237.0905933380127,5.0,5.0,64.0,20.0,20000.0,1024.0,0.0002,50000.0,1024.0,0.0
exp_width,7.0,0.1,4.0,128.0,0.1,0.1,0.03368502546637402,42.117719888687134,5.0,5.0,64.0,20.0,20000.0,1024.0,0.0002,50000.0,1024.0,0.0
exp_width,7.0,0.1,4.0,128.0,0.3,0.3,0.04216024209859125,41.884296894073486,5.0,5.0,64.0,20.0,20000.0,1024.0,0.0002,50000.0,1024.0,0.0
exp_width,7.0,0.1,4.0,128.0,0.5,0.5,0.009757986659514356,43.48373866081238,5.0,5.0,64.0,20.0,20000.0,1024.0,0.0002,50000.0,1024.0,0.0
exp_width,7.0,0.1,4.0,128.0,0.7,0.7,0.004495771100505421,42.409868478775024,5.0,5.0,64.0,20.0,20000.0,1024.0,0.0002,50000.0,1024.0,0.0
exp_width,7.0,0.1,4.0,128.0,0.9,0.9,0.005384057684636252,41.669692516326904,5.0,5.0,64.0,20.0,20000.0,1024.0,0.0002,50000.0,1024.0,0.0
exp_width,7.0,0.1,4.0,256.0,0.1,0.1,0.009080933262375553,43.31076765060425,5.0,5.0,64.0,20.0,20000.0,1024.0,0.0002,50000.0,1024.0,0.0
exp_width,7.0,0.1,4.0,256.0,0.3,0.3,0.017875040504477586,42.65343356132507,5.0,5.0,64.0,20.0,20000.0,1024.0,0.0002,50000.0,1024.0,0.0
exp_width,7.0,0.1,4.0,256.0,0.5,0.5,0.005215813606139732,42.19777822494507,5.0,5.0,64.0,20.0,20000.0,1024.0,0.0002,50000.0,1024.0,0.0
exp_width,7.0,0.1,4.0,256.0,0.7,0.7,0.0024387113734484086,42.109089374542236,5.0,5.0,64.0,20.0,20000.0,1024.0,0.0002,50000.0,1024.0,0.0
exp_width,7.0,0.1,4.0,256.0,0.9,0.9,0.004444947004840275,42.71008920669556,5.0,5.0,64.0,20.0,20000.0,1024.0,0.0002,50000.0,1024.0,0.0
exp_width,7.0,0.1,4.0,512.0,0.1,0.1,0.005228731082735665,41.627443075180054,5.0,5.0,64.0,20.0,20000.0,1024.0,0.0002,50000.0,1024.0,0.0
exp_width,7.0,0.1,4.0,512.0,0.3,0.3,0.004826089744249335,41.630454540252686,5.0,5.0,64.0,20.0,20000.0,1024.0,0.0002,50000.0,1024.0,0.0
exp_width,7.0,0.1,4.0,512.0,0.5,0.5,0.0036748087987955587,42.495447635650635,5.0,5.0,64.0,20.0,20000.0,1024.0,0.0002,50000.0,1024.0,0.0
exp_width,7.0,0.1,4.0,512.0,0.7,0.7,0.0015459746422160274,41.44995737075806,5.0,5.0,64.0,20.0,20000.0,1024.0,0.0002,50000.0,1024.0,0.0
exp_width,7.0,0.1,4.0,512.0,0.9,0.9,0.003278168415249375,42.5989875793457,5.0,5.0,64.0,20.0,20000.0,1024.0,0.0002,50000.0,1024.0,0.0
exp_width,7.0,0.1,4.0,1024.0,0.1,0.1,0.003452825602806097,72.48334860801697,5.0,5.0,64.0,20.0,20000.0,1024.0,0.0002,50000.0,1024.0,0.0
exp_width,7.0,0.1,4.0,1024.0,0.3,0.3,0.0025748371803966832,73.31986284255981,5.0,5.0,64.0,20.0,20000.0,1024.0,0.0002,50000.0,1024.0,0.0
exp_width,7.0,0.1,4.0,1024.0,0.5,0.5,0.0020174954575290925,73.79980421066284,5.0,5.0,64.0,20.0,20000.0,1024.0,0.0002,50000.0,1024.0,0.0
exp_width,7.0,0.1,4.0,1024.0,0.7,0.7,0.0009572805408506157,74.11342072486877,5.0,5.0,64.0,20.0,20000.0,1024.0,0.0002,50000.0,1024.0,0.0
exp_width,7.0,0.1,4.0,1024.0,0.9,0.9,0.0021434550726165767,74.13829326629639,5.0,5.0,64.0,20.0,20000.0,1024.0,0.0002,50000.0,1024.0,0.0
exp_width,7.0,0.1,4.0,2048.0,0.1,0.1,0.0024109486979618554,236.31494617462158,5.0,5.0,64.0,20.0,20000.0,1024.0,0.0002,50000.0,1024.0,0.0
exp_width,7.0,0.1,4.0,2048.0,0.3,0.3,0.0020418354591919385,237.1121368408203,5.0,5.0,64.0,20.0,20000.0,1024.0,0.0002,50000.0,1024.0,0.0
exp_width,7.0,0.1,4.0,2048.0,0.5,0.5,0.0014626549739068177,237.12756824493408,5.0,5.0,64.0,20.0,20000.0,1024.0,0.0002,50000.0,1024.0,0.0
exp_width,7.0,0.1,4.0,2048.0,0.7,0.7,0.0016901967679279232,236.83150720596313,5.0,5.0,64.0,20.0,20000.0,1024.0,0.0002,50000.0,1024.0,0.0
exp_width,7.0,0.1,4.0,2048.0,0.9,0.9,0.0011462101232845492,236.5492353439331,5.0,5.0,64.0,20.0,20000.0,1024.0,0.0002,50000.0,1024.0,0.0
exp_width,8.0,0.1,4.0,128.0,0.1,0.1,0.03265062254029309,42.59175682067871,5.0,5.0,64.0,20.0,20000.0,1024.0,0.0002,50000.0,1024.0,0.0
exp_width,8.0,0.1,4.0,128.0,0.3,0.3,0.04085764667335807,42.83913254737854,5.0,5.0,64.0,20.0,20000.0,1024.0,0.0002,50000.0,1024.0,0.0
exp_width,8.0,0.1,4.0,128.0,0.5,0.5,0.008400975015704875,42.296430587768555,5.0,5.0,64.0,20.0,20000.0,1024.0,0.0002,50000.0,1024.0,0.0
exp_width,8.0,0.1,4.0,128.0,0.7,0.7,0.005670124915206157,42.044052600860596,5.0,5.0,64.0,20.0,20000.0,1024.0,0.0002,50000.0,1024.0,0.0
exp_width,8.0,0.1,4.0,128.0,0.9,0.9,0.004492593974448662,41.47486448287964,5.0,5.0,64.0,20.0,20000.0,1024.0,0.0002,50000.0,1024.0,0.0
exp_width,8.0,0.1,4.0,256.0,0.1,0.1,0.010503809791346227,44.28587985038757,5.0,5.0,64.0,20.0,20000.0,1024.0,0.0002,50000.0,1024.0,0.0
exp_width,8.0,0.1,4.0,256.0,0.3,0.3,0.018095965143134045,42.14747333526611,5.0,5.0,64.0,20.0,20000.0,1024.0,0.0002,50000.0,1024.0,0.0
exp_width,8.0,0.1,4.0,256.0,0.5,0.5,0.004507571626234264,42.463852643966675,5.0,5.0,64.0,20.0,20000.0,1024.0,0.0002,50000.0,1024.0,0.0
exp_width,8.0,0.1,4.0,256.0,0.7,0.7,0.00186997045016068,43.96273231506348,5.0,5.0,64.0,20.0,20000.0,1024.0,0.0002,50000.0,1024.0,0.0
exp_width,8.0,0.1,4.0,256.0,0.9,0.9,0.00452526363056293,42.35760951042175,5.0,5.0,64.0,20.0,20000.0,1024.0,0.0002,50000.0,1024.0,0.0
exp_width,8.0,0.1,4.0,512.0,0.1,0.1,0.006462285305319142,41.48912858963013,5.0,5.0,64.0,20.0,20000.0,1024.0,0.0002,50000.0,1024.0,0.0
exp_width,8.0,0.1,4.0,512.0,0.3,0.3,0.005158174030733535,41.669312477111816,5.0,5.0,64.0,20.0,20000.0,1024.0,0.0002,50000.0,1024.0,0.0
exp_width,8.0,0.1,4.0,512.0,0.5,0.5,0.0030289422514776882,41.9635443687439,5.0,5.0,64.0,20.0,20000.0,1024.0,0.0002,50000.0,1024.0,0.0
exp_width,8.0,0.1,4.0,512.0,0.7,0.7,0.0026562658549030807,41.60366868972778,5.0,5.0,64.0,20.0,20000.0,1024.0,0.0002,50000.0,1024.0,0.0
exp_width,8.0,0.1,4.0,512.0,0.9,0.9,0.002071444490680832,42.760576248168945,5.0,5.0,64.0,20.0,20000.0,1024.0,0.0002,50000.0,1024.0,0.0
exp_width,8.0,0.1,4.0,1024.0,0.1,0.1,0.002903253130024775,72.59857034683228,5.0,5.0,64.0,20.0,20000.0,1024.0,0.0002,50000.0,1024.0,0.0
exp_width,8.0,0.1,4.0,1024.0,0.3,0.3,0.003114707491506187,73.55630207061768,5.0,5.0,64.0,20.0,20000.0,1024.0,0.0002,50000.0,1024.0,0.0
exp_width,8.0,0.1,4.0,1024.0,0.5,0.5,0.0022829457909077453,74.11203646659851,5.0,5.0,64.0,20.0,20000.0,1024.0,0.0002,50000.0,1024.0,0.0
exp_width,8.0,0.1,4.0,1024.0,0.7,0.7,0.0008656495138122426,74.60587668418884,5.0,5.0,64.0,20.0,20000.0,1024.0,0.0002,50000.0,1024.0,0.0
exp_width,8.0,0.1,4.0,1024.0,0.9,0.9,0.000680979125674422,74.59557390213013,5.0,5.0,64.0,20.0,20000.0,1024.0,0.0002,50000.0,1024.0,0.0
exp_width,8.0,0.1,4.0,2048.0,0.1,0.1,0.0021851497611745287,238.13806343078613,5.0,5.0,64.0,20.0,20000.0,1024.0,0.0002,50000.0,1024.0,0.0
exp_width,8.0,0.1,4.0,2048.0,0.3,0.3,0.002287846041469082,238.23478960990906,5.0,5.0,64.0,20.0,20000.0,1024.0,0.0002,50000.0,1024.0,0.0
exp_width,8.0,0.1,4.0,2048.0,0.5,0.5,0.0016236451224715487,237.25593757629395,5.0,5.0,64.0,20.0,20000.0,1024.0,0.0002,50000.0,1024.0,0.0
exp_width,8.0,0.1,4.0,2048.0,0.7,0.7,0.0012611429221443557,236.80673623085022,5.0,5.0,64.0,20.0,20000.0,1024.0,0.0002,50000.0,1024.0,0.0
exp_width,8.0,0.1,4.0,2048.0,0.9,0.9,0.0009101453072765965,236.81040263175964,5.0,5.0,64.0,20.0,20000.0,1024.0,0.0002,50000.0,1024.0,0.0
exp_width,9.0,0.1,4.0,128.0,0.1,0.1,0.03263178265951652,42.33283352851868,5.0,5.0,64.0,20.0,20000.0,1024.0,0.0002,50000.0,1024.0,0.0
exp_width,9.0,0.1,4.0,128.0,0.3,0.3,0.039457093570816414,42.53576898574829,5.0,5.0,64.0,20.0,20000.0,1024.0,0.0002,50000.0,1024.0,0.0
exp_width,9.0,0.1,4.0,128.0,0.5,0.5,0.008643997262631875,41.75117826461792,5.0,5.0,64.0,20.0,20000.0,1024.0,0.0002,50000.0,1024.0,0.0
exp_width,9.0,0.1,4.0,128.0,0.7,0.7,0.005694489055825887,41.36835503578186,5.0,5.0,64.0,20.0,20000.0,1024.0,0.0002,50000.0,1024.0,0.0
exp_width,9.0,0.1,4.0,128.0,0.9,0.9,0.0052275085824212905,43.00678277015686,5.0,5.0,64.0,20.0,20000.0,1024.0,0.0002,50000.0,1024.0,0.0
exp_width,9.0,0.1,4.0,256.0,0.1,0.1,0.009476594076993777,42.29823875427246,5.0,5.0,64.0,20.0,20000.0,1024.0,0.0002,50000.0,1024.0,0.0
exp_width,9.0,0.1,4.0,256.0,0.3,0.3,0.022786017100940994,42.18367910385132,5.0,5.0,64.0,20.0,20000.0,1024.0,0.0002,50000.0,1024.0,0.0
exp_width,9.0,0.1,4.0,256.0,0.5,0.5,0.005127235068856624,43.59104919433594,5.0,5.0,64.0,20.0,20000.0,1024.0,0.0002,50000.0,1024.0,0.0
exp_width,9.0,0.1,4.0,256.0,0.7,0.7,0.00456845675504707,41.740060567855835,5.0,5.0,64.0,20.0,20000.0,1024.0,0.0002,50000.0,1024.0,0.0
exp_width,9.0,0.1,4.0,256.0,0.9,0.9,0.001973120814962078,42.553247690200806,5.0,5.0,64.0,20.0,20000.0,1024.0,0.0002,50000.0,1024.0,0.0
exp_width,9.0,0.1,4.0,512.0,0.1,0.1,0.004538496260048925,41.85728669166565,5.0,5.0,64.0,20.0,20000.0,1024.0,0.0002,50000.0,1024.0,0.0
exp_width,9.0,0.1,4.0,512.0,0.3,0.3,0.00575005215594721,41.72562289237976,5.0,5.0,64.0,20.0,20000.0,1024.0,0.0002,50000.0,1024.0,0.0
exp_width,9.0,0.1,4.0,512.0,0.5,0.5,0.003133768024591749,42.61127257347107,5.0,5.0,64.0,20.0,20000.0,1024.0,0.0002,50000.0,1024.0,0.0
exp_width,9.0,0.1,4.0,512.0,0.7,0.7,0.0012712839012756563,41.4405734539032,5.0,5.0,64.0,20.0,20000.0,1024.0,0.0002,50000.0,1024.0,0.0
exp_width,9.0,0.1,4.0,512.0,0.9,0.9,0.0015407844895608998,41.51822757720947,5.0,5.0,64.0,20.0,20000.0,1024.0,0.0002,50000.0,1024.0,0.0
exp_width,9.0,0.1,4.0,1024.0,0.1,0.1,0.0032750322894296306,72.42431545257568,5.0,5.0,64.0,20.0,20000.0,1024.0,0.0002,50000.0,1024.0,0.0
exp_width,9.0,0.1,4.0,1024.0,0.3,0.3,0.004139117024833246,73.14548397064209,5.0,5.0,64.0,20.0,20000.0,1024.0,0.0002,50000.0,1024.0,0.0
exp_width,9.0,0.1,4.0,1024.0,0.5,0.5,0.001792109065916422,73.67007660865784,5.0,5.0,64.0,20.0,20000.0,1024.0,0.0002,50000.0,1024.0,0.0
exp_width,9.0,0.1,4.0,1024.0,0.7,0.7,0.0017114228978564333,74.01858377456665,5.0,5.0,64.0,20.0,20000.0,1024.0,0.0002,50000.0,1024.0,0.0
exp_width,9.0,0.1,4.0,1024.0,0.9,0.9,0.001267928986196492,74.08845114707947,5.0,5.0,64.0,20.0,20000.0,1024.0,0.0002,50000.0,1024.0,0.0
exp_width,9.0,0.1,4.0,2048.0,0.1,0.1,0.002314639770432653,236.36902022361755,5.0,5.0,64.0,20.0,20000.0,1024.0,0.0002,50000.0,1024.0,0.0
exp_width,9.0,0.1,4.0,2048.0,0.3,0.3,0.0022749159123064216,237.4318883419037,5.0,5.0,64.0,20.0,20000.0,1024.0,0.0002,50000.0,1024.0,0.0
exp_width,9.0,0.1,4.0,2048.0,0.5,0.5,0.0013854297262990253,237.61875295639038,5.0,5.0,64.0,20.0,20000.0,1024.0,0.0002,50000.0,1024.0,0.0
exp_width,9.0,0.1,4.0,2048.0,0.7,0.7,0.0009459687004936166,237.9429829120636,5.0,5.0,64.0,20.0,20000.0,1024.0,0.0002,50000.0,1024.0,0.0
exp_width,9.0,0.1,4.0,2048.0,0.9,0.9,0.0013729865770845554,237.96243524551392,5.0,5.0,64.0,20.0,20000.0,1024.0,0.0002,50000.0,1024.0,0.0
