exp,seed,mu_seed,sigma0,depth,width,B,delta,relmse,train_sec,beta,sigma_inf,mu_box,d,K,steps,batch_size,lr,eval_n,eval_batch,teacher_steps,score_chunk
exp_flow_map_bound,0.0,0.0,0.1,4.0,512.0,0.001,0.06931471805599453,0.9437599293347322,329.92535638809204,5.0,1.0,5.0,64.0,20.0,20000.0,1024.0,0.0002,50000.0,1024.0,10.0,0.0
exp_flow_map_bound,0.0,0.0,0.1,4.0,512.0,0.01,0.06931471805599453,0.00397521806283982,330.1385169029236,5.0,1.0,5.0,64.0,20.0,20000.0,1024.0,0.0002,50000.0,1024.0,10.0,0.0
exp_flow_map_bound,0.0,0.0,0.1,4.0,512.0,0.1,0.06931471805599453,1.4466684910497217e-05,330.2961628437042,5.0,1.0,5.0,64.0,20.0,20000.0,1024.0,0.0002,50000.0,1024.0,10.0,0.0
exp_flow_map_bound,0.0,0.0,0.1,4.0,512.0,0.25,0.06931471805599453,2.1069813157673352e-05,330.45765686035156,5.0,1.0,5.0,64.0,20.0,20000.0,1024.0,0.0002,50000.0,1024.0,10.0,0.0
exp_flow_map_bound,0.0,0.0,0.01,4.0,512.0,0.001,0.06931471805599453,0.9876714147643799,330.89822721481323,5.0,1.0,5.0,64.0,20.0,20000.0,1024.0,0.0002,50000.0,1024.0,10.0,0.0
exp_flow_map_bound,0.0,0.0,0.01,4.0,512.0,0.01,0.06931471805599453,0.7752664171459285,330.10501313209534,5.0,1.0,5.0,64.0,20.0,20000.0,1024.0,0.0002,50000.0,1024.0,10.0,0.0
exp_flow_map_bound,0.0,0.0,0.01,4.0,512.0,0.1,0.06931471805599453,0.006709139607494127,330.2624354362488,5.0,1.0,5.0,64.0,20.0,20000.0,1024.0,0.0002,50000.0,1024.0,10.0,0.0
exp_flow_map_bound,0.0,0.0,0.01,4.0,512.0,0.25,0.06931471805599453,0.007336632152803284,329.92595171928406,5.0,1.0,5.0,64.0,20.0,20000.0,1024.0,0.0002,50000.0,1024.0,10.0,0.0
exp_flow_map_bound,0.0,0.0,0.001,4.0,512.0,0.001,0.06931471805599453,0.9999963259935329,329.9771008491516,5.0,1.0,5.0,64.0,20.0,20000.0,1024.0,0.0002,50000.0,1024.0,10.0,0.0
exp_flow_map_bound,0.0,0.0,0.001,4.0,512.0,0.01,0.06931471805599453,0.9561627727924938,329.9610152244568,5.0,1.0,5.0,64.0,20.0,20000.0,1024.0,0.0002,50000.0,1024.0,10.0,0.0
exp_flow_map_bound,0.0,0.0,0.001,4.0,512.0,0.1,0.06931471805599453,0.008718443185236147,329.8315155506134,5.0,1.0,5.0,64.0,20.0,20000.0,1024.0,0.0002,50000.0,1024.0,10.0,0.0
exp_flow_map_bound,0.0,0.0,0.001,4.0,512.0,0.25,0.06931471805599453,0.007257734499790864,333.44425988197327,5.0,1.0,5.0,64.0,20.0,20000.0,1024.0,0.0002,50000.0,1024.0,10.0,0.0
exp_flow_map_bound,0.0,0.0,0.0001,4.0,512.0,0.001,0.06931471805599453,0.999999982431855,335.54026436805725,5.0,1.0,5.0,64.0,20.0,20000.0,1024.0,0.0002,50000.0,1024.0,10.0,0.0
exp_flow_map_bound,0.0,0.0,0.0001,4.0,512.0,0.01,0.06931471805599453,0.9930523560236851,330.47366428375244,5.0,1.0,5.0,64.0,20.0,20000.0,1024.0,0.0002,50000.0,1024.0,10.0,0.0
exp_flow_map_bound,0.0,0.0,0.0001,4.0,512.0,0.1,0.06931471805599453,0.031016208965141324,329.62433314323425,5.0,1.0,5.0,64.0,20.0,20000.0,1024.0,0.0002,50000.0,1024.0,10.0,0.0
exp_flow_map_bound,0.0,0.0,0.0001,4.0,512.0,0.25,0.06931471805599453,0.0185664424356873,330.0607750415802,5.0,1.0,5.0,64.0,20.0,20000.0,1024.0,0.0002,50000.0,1024.0,10.0,0.0
exp_flow_map_bound,1.0,0.0,0.1,4.0,512.0,0.001,0.06931471805599453,0.9436571224506373,329.94647121429443,5.0,1.0,5.0,64.0,20.0,20000.0,1024.0,0.0002,50000.0,1024.0,10.0,0.0
exp_flow_map_bound,1.0,0.0,0.1,4.0,512.0,0.01,0.06931471805599453,0.0037737767519712365,329.9749319553375,5.0,1.0,5.0,64.0,20.0,20000.0,1024.0,0.0002,50000.0,1024.0,10.0,0.0
exp_flow_map_bound,1.0,0.0,0.1,4.0,512.0,0.1,0.06931471805599453,3.126978118319034e-05,329.1015043258667,5.0,1.0,5.0,64.0,20.0,20000.0,1024.0,0.0002,50000.0,1024.0,10.0,0.0
exp_flow_map_bound,1.0,0.0,0.1,4.0,512.0,0.25,0.06931471805599453,2.3758359183445436e-05,330.04915976524353,5.0,1.0,5.0,64.0,20.0,20000.0,1024.0,0.0002,50000.0,1024.0,10.0,0.0
exp_flow_map_bound,1.0,0.0,0.01,4.0,512.0,0.001,0.06931471805599453,0.9875537904879519,328.9443509578705,5.0,1.0,5.0,64.0,20.0,20000.0,1024.0,0.0002,50000.0,1024.0,10.0,0.0
exp_flow_map_bound,1.0,0.0,0.01,4.0,512.0,0.01,0.06931471805599453,0.7718240796716558,329.6200258731842,5.0,1.0,5.0,64.0,20.0,20000.0,1024.0,0.0002,50000.0,1024.0,10.0,0.0
exp_flow_map_bound,1.0,0.0,0.01,4.0,512.0,0.1,0.06931471805599453,0.007270359697448018,329.54878520965576,5.0,1.0,5.0,64.0,20.0,20000.0,1024.0,0.0002,50000.0,1024.0,10.0,0.0
exp_flow_map_bound,1.0,0.0,0.01,4.0,512.0,0.25,0.06931471805599453,0.006841972537335453,329.2870032787323,5.0,1.0,5.0,64.0,20.0,20000.0,1024.0,0.0002,50000.0,1024.0,10.0,0.0
exp_flow_map_bound,1.0,0.0,0.001,4.0,512.0,0.001,0.06931471805599453,0.9999955593194074,329.75527715682983,5.0,1.0,5.0,64.0,20.0,20000.0,1024.0,0.0002,50000.0,1024.0,10.0,0.0
exp_flow_map_bound,1.0,0.0,0.001,4.0,512.0,0.01,0.06931471805599453,0.9565779637726624,329.7460422515869,5.0,1.0,5.0,64.0,20.0,20000.0,1024.0,0.0002,50000.0,1024.0,10.0,0.0
exp_flow_map_bound,1.0,0.0,0.001,4.0,512.0,0.1,0.06931471805599453,0.008770699756516469,330.070121049881,5.0,1.0,5.0,64.0,20.0,20000.0,1024.0,0.0002,50000.0,1024.0,10.0,0.0
exp_flow_map_bound,1.0,0.0,0.001,4.0,512.0,0.25,0.06931471805599453,0.006875344531379309,330.43487429618835,5.0,1.0,5.0,64.0,20.0,20000.0,1024.0,0.0002,50000.0,1024.0,10.0,0.0
exp_flow_map_bound,1.0,0.0,0.0001,4.0,512.0,0.001,0.06931471805599453,0.9999999872168096,329.7525234222412,5.0,1.0,5.0,64.0,20.0,20000.0,1024.0,0.0002,50000.0,1024.0,10.0,0.0
exp_flow_map_bound,1.0,0.0,0.0001,4.0,512.0,0.01,0.06931471805599453,0.9853455198662212,330.19014406204224,5.0,1.0,5.0,64.0,20.0,20000.0,1024.0,0.0002,50000.0,1024.0,10.0,0.0
exp_flow_map_bound,1.0,0.0,0.0001,4.0,512.0,0.1,0.06931471805599453,0.032616475120198704,329.9221258163452,5.0,1.0,5.0,64.0,20.0,20000.0,1024.0,0.0002,50000.0,1024.0,10.0,0.0
exp_flow_map_bound,1.0,0.0,0.0001,4.0,512.0,0.25,0.06931471805599453,0.019772878570865005,330.0750365257263,5.0,1.0,5.0,64.0,20.0,20000.0,1024.0,0.0002,50000.0,1024.0,10.0,0.0
exp_flow_map_bound,2.0,0.0,0.1,4.0,512.0,0.001,0.06931471805599453,0.9432107789604977,329.9213457107544,5.0,1.0,5.0,64.0,20.0,20000.0,1024.0,0.0002,50000.0,1024.0,10.0,0.0
exp_flow_map_bound,2.0,0.0,0.1,4.0,512.0,0.01,0.06931471805599453,0.0052121673582334604,330.14901518821716,5.0,1.0,5.0,64.0,20.0,20000.0,1024.0,0.0002,50000.0,1024.0,10.0,0.0
exp_flow_map_bound,2.0,0.0,0.1,4.0,512.0,0.1,0.06931471805599453,2.6695164707157074e-05,330.34669613838196,5.0,1.0,5.0,64.0,20.0,20000.0,1024.0,0.0002,50000.0,1024.0,10.0,0.0
exp_flow_map_bound,2.0,0.0,0.1,4.0,512.0,0.25,0.06931471805599453,1.550714521752974e-05,330.50759100914,5.0,1.0,5.0,64.0,20.0,20000.0,1024.0,0.0002,50000.0,1024.0,10.0,0.0
exp_flow_map_bound,2.0,0.0,0.01,4.0,512.0,0.001,0.06931471805599453,0.9875302729276927,329.9354703426361,5.0,1.0,5.0,64.0,20.0,20000.0,1024.0,0.0002,50000.0,1024.0,10.0,0.0
exp_flow_map_bound,2.0,0.0,0.01,4.0,512.0,0.01,0.06931471805599453,0.7536489973334801,330.12686371803284,5.0,1.0,5.0,64.0,20.0,20000.0,1024.0,0.0002,50000.0,1024.0,10.0,0.0
exp_flow_map_bound,2.0,0.0,0.01,4.0,512.0,0.1,0.06931471805599453,0.0062856512246815465,329.95589566230774,5.0,1.0,5.0,64.0,20.0,20000.0,1024.0,0.0002,50000.0,1024.0,10.0,0.0
exp_flow_map_bound,2.0,0.0,0.01,4.0,512.0,0.25,0.06931471805599453,0.007023710033190588,330.1209874153137,5.0,1.0,5.0,64.0,20.0,20000.0,1024.0,0.0002,50000.0,1024.0,10.0,0.0
exp_flow_map_bound,2.0,0.0,0.001,4.0,512.0,0.001,0.06931471805599453,0.9999969791296061,329.9497170448303,5.0,1.0,5.0,64.0,20.0,20000.0,1024.0,0.0002,50000.0,1024.0,10.0,0.0
exp_flow_map_bound,2.0,0.0,0.001,4.0,512.0,0.01,0.06931471805599453,0.9540001533993696,330.1990530490875,5.0,1.0,5.0,64.0,20.0,20000.0,1024.0,0.0002,50000.0,1024.0,10.0,0.0
exp_flow_map_bound,2.0,0.0,0.001,4.0,512.0,0.1,0.06931471805599453,0.008908053724670496,330.16254448890686,5.0,1.0,5.0,64.0,20.0,20000.0,1024.0,0.0002,50000.0,1024.0,10.0,0.0
exp_flow_map_bound,2.0,0.0,0.001,4.0,512.0,0.25,0.06931471805599453,0.009618552760382924,330.0675320625305,5.0,1.0,5.0,64.0,20.0,20000.0,1024.0,0.0002,50000.0,1024.0,10.0,0.0
exp_flow_map_bound,2.0,0.0,0.0001,4.0,512.0,0.001,0.06931471805599453,0.9999999904169291,330.0200824737549,5.0,1.0,5.0,64.0,20.0,20000.0,1024.0,0.0002,50000.0,1024.0,10.0,0.0
exp_flow_map_bound,2.0,0.0,0.0001,4.0,512.0,0.01,0.06931471805599453,0.9854464010058391,330.1942632198334,5.0,1.0,5.0,64.0,20.0,20000.0,1024.0,0.0002,50000.0,1024.0,10.0,0.0
exp_flow_map_bound,2.0,0.0,0.0001,4.0,512.0,0.1,0.06931471805599453,0.032884042915147814,329.98674845695496,5.0,1.0,5.0,64.0,20.0,20000.0,1024.0,0.0002,50000.0,1024.0,10.0,0.0
exp_flow_map_bound,2.0,0.0,0.0001,4.0,512.0,0.25,0.06931471805599453,0.02116785369138295,330.45150804519653,5.0,1.0,5.0,64.0,20.0,20000.0,1024.0,0.0002,50000.0,1024.0,10.0,0.0
exp_flow_map_bound,3.0,0.0,0.1,4.0,512.0,0.001,0.06931471805599453,0.9436118604298083,330.5148289203644,5.0,1.0,5.0,64.0,20.0,20000.0,1024.0,0.0002,50000.0,1024.0,10.0,0.0
exp_flow_map_bound,3.0,0.0,0.1,4.0,512.0,0.01,0.06931471805599453,0.003435520047723913,330.2149713039398,5.0,1.0,5.0,64.0,20.0,20000.0,1024.0,0.0002,50000.0,1024.0,10.0,0.0
exp_flow_map_bound,3.0,0.0,0.1,4.0,512.0,0.1,0.06931471805599453,2.7231855311478104e-05,330.5466375350952,5.0,1.0,5.0,64.0,20.0,20000.0,1024.0,0.0002,50000.0,1024.0,10.0,0.0
exp_flow_map_bound,3.0,0.0,0.1,4.0,512.0,0.25,0.06931471805599453,1.9957852434735906e-05,330.1721656322479,5.0,1.0,5.0,64.0,20.0,20000.0,1024.0,0.0002,50000.0,1024.0,10.0,0.0
exp_flow_map_bound,3.0,0.0,0.01,4.0,512.0,0.001,0.06931471805599453,0.9879265807059722,330.0568046569824,5.0,1.0,5.0,64.0,20.0,20000.0,1024.0,0.0002,50000.0,1024.0,10.0,0.0
exp_flow_map_bound,3.0,0.0,0.01,4.0,512.0,0.01,0.06931471805599453,0.7714535934420118,330.1859185695648,5.0,1.0,5.0,64.0,20.0,20000.0,1024.0,0.0002,50000.0,1024.0,10.0,0.0
exp_flow_map_bound,3.0,0.0,0.01,4.0,512.0,0.1,0.06931471805599453,0.0071025802934178844,333.9727690219879,5.0,1.0,5.0,64.0,20.0,20000.0,1024.0,0.0002,50000.0,1024.0,10.0,0.0
exp_flow_map_bound,3.0,0.0,0.01,4.0,512.0,0.25,0.06931471805599453,0.005378403717793519,330.28902220726013,5.0,1.0,5.0,64.0,20.0,20000.0,1024.0,0.0002,50000.0,1024.0,10.0,0.0
exp_flow_map_bound,3.0,0.0,0.001,4.0,512.0,0.001,0.06931471805599453,0.9999985784587823,329.6738188266754,5.0,1.0,5.0,64.0,20.0,20000.0,1024.0,0.0002,50000.0,1024.0,10.0,0.0
exp_flow_map_bound,3.0,0.0,0.001,4.0,512.0,0.01,0.06931471805599453,0.9544312580214095,330.04994654655457,5.0,1.0,5.0,64.0,20.0,20000.0,1024.0,0.0002,50000.0,1024.0,10.0,0.0
exp_flow_map_bound,3.0,0.0,0.001,4.0,512.0,0.1,0.06931471805599453,0.006933320860040393,329.77654218673706,5.0,1.0,5.0,64.0,20.0,20000.0,1024.0,0.0002,50000.0,1024.0,10.0,0.0
exp_flow_map_bound,3.0,0.0,0.001,4.0,512.0,0.25,0.06931471805599453,0.006712752390670118,330.14510011672974,5.0,1.0,5.0,64.0,20.0,20000.0,1024.0,0.0002,50000.0,1024.0,10.0,0.0
exp_flow_map_bound,3.0,0.0,0.0001,4.0,512.0,0.001,0.06931471805599453,1.0,330.21500182151794,5.0,1.0,5.0,64.0,20.0,20000.0,1024.0,0.0002,50000.0,1024.0,10.0,0.0
exp_flow_map_bound,3.0,0.0,0.0001,4.0,512.0,0.01,0.06931471805599453,0.9889538189653851,330.2173550128937,5.0,1.0,5.0,64.0,20.0,20000.0,1024.0,0.0002,50000.0,1024.0,10.0,0.0
exp_flow_map_bound,3.0,0.0,0.0001,4.0,512.0,0.1,0.06931471805599453,0.0313244710772167,330.62632179260254,5.0,1.0,5.0,64.0,20.0,20000.0,1024.0,0.0002,50000.0,1024.0,10.0,0.0
exp_flow_map_bound,3.0,0.0,0.0001,4.0,512.0,0.25,0.06931471805599453,0.01852100703952567,330.0723819732666,5.0,1.0,5.0,64.0,20.0,20000.0,1024.0,0.0002,50000.0,1024.0,10.0,0.0
exp_flow_map_bound,4.0,0.0,0.1,4.0,512.0,0.001,0.06931471805599453,0.9435200122666881,329.69668793678284,5.0,1.0,5.0,64.0,20.0,20000.0,1024.0,0.0002,50000.0,1024.0,10.0,0.0
exp_flow_map_bound,4.0,0.0,0.1,4.0,512.0,0.01,0.06931471805599453,0.003923729666719175,330.3033380508423,5.0,1.0,5.0,64.0,20.0,20000.0,1024.0,0.0002,50000.0,1024.0,10.0,0.0
exp_flow_map_bound,4.0,0.0,0.1,4.0,512.0,0.1,0.06931471805599453,2.505881257985603e-05,330.62074875831604,5.0,1.0,5.0,64.0,20.0,20000.0,1024.0,0.0002,50000.0,1024.0,10.0,0.0
exp_flow_map_bound,4.0,0.0,0.1,4.0,512.0,0.25,0.06931471805599453,1.6112649021741353e-05,330.4339654445648,5.0,1.0,5.0,64.0,20.0,20000.0,1024.0,0.0002,50000.0,1024.0,10.0,0.0
exp_flow_map_bound,4.0,0.0,0.01,4.0,512.0,0.001,0.06931471805599453,0.9878048704996286,330.0508658885956,5.0,1.0,5.0,64.0,20.0,20000.0,1024.0,0.0002,50000.0,1024.0,10.0,0.0
exp_flow_map_bound,4.0,0.0,0.01,4.0,512.0,0.01,0.06931471805599453,0.7519435979867178,330.6472716331482,5.0,1.0,5.0,64.0,20.0,20000.0,1024.0,0.0002,50000.0,1024.0,10.0,0.0
exp_flow_map_bound,4.0,0.0,0.01,4.0,512.0,0.1,0.06931471805599453,0.005969719962512229,330.0170795917511,5.0,1.0,5.0,64.0,20.0,20000.0,1024.0,0.0002,50000.0,1024.0,10.0,0.0
exp_flow_map_bound,4.0,0.0,0.01,4.0,512.0,0.25,0.06931471805599453,0.007295287894404095,330.40227937698364,5.0,1.0,5.0,64.0,20.0,20000.0,1024.0,0.0002,50000.0,1024.0,10.0,0.0
exp_flow_map_bound,4.0,0.0,0.001,4.0,512.0,0.001,0.06931471805599453,0.9999975787730282,330.350576877594,5.0,1.0,5.0,64.0,20.0,20000.0,1024.0,0.0002,50000.0,1024.0,10.0,0.0
exp_flow_map_bound,4.0,0.0,0.001,4.0,512.0,0.01,0.06931471805599453,0.9559794283496397,330.2732937335968,5.0,1.0,5.0,64.0,20.0,20000.0,1024.0,0.0002,50000.0,1024.0,10.0,0.0
exp_flow_map_bound,4.0,0.0,0.001,4.0,512.0,0.1,0.06931471805599453,0.008628177577639309,329.9817941188812,5.0,1.0,5.0,64.0,20.0,20000.0,1024.0,0.0002,50000.0,1024.0,10.0,0.0
exp_flow_map_bound,4.0,0.0,0.001,4.0,512.0,0.25,0.06931471805599453,0.01026733228115368,330.45462012290955,5.0,1.0,5.0,64.0,20.0,20000.0,1024.0,0.0002,50000.0,1024.0,10.0,0.0
exp_flow_map_bound,4.0,0.0,0.0001,4.0,512.0,0.001,0.06931471805599453,0.9999999920042533,329.90937399864197,5.0,1.0,5.0,64.0,20.0,20000.0,1024.0,0.0002,50000.0,1024.0,10.0,0.0
exp_flow_map_bound,4.0,0.0,0.0001,4.0,512.0,0.01,0.06931471805599453,0.986341754912259,330.0287754535675,5.0,1.0,5.0,64.0,20.0,20000.0,1024.0,0.0002,50000.0,1024.0,10.0,0.0
exp_flow_map_bound,4.0,0.0,0.0001,4.0,512.0,0.1,0.06931471805599453,0.03029822463358131,329.94110894203186,5.0,1.0,5.0,64.0,20.0,20000.0,1024.0,0.0002,50000.0,1024.0,10.0,0.0
exp_flow_map_bound,4.0,0.0,0.0001,4.0,512.0,0.25,0.06931471805599453,0.01841581726382795,330.10585737228394,5.0,1.0,5.0,64.0,20.0,20000.0,1024.0,0.0002,50000.0,1024.0,10.0,0.0
exp_flow_map_bound,5.0,0.0,0.1,4.0,512.0,0.001,0.06931471805599453,0.9435816032755674,330.08324432373047,5.0,1.0,5.0,64.0,20.0,20000.0,1024.0,0.0002,50000.0,1024.0,10.0,0.0
exp_flow_map_bound,5.0,0.0,0.1,4.0,512.0,0.01,0.06931471805599453,0.0031420715603434784,329.9327292442322,5.0,1.0,5.0,64.0,20.0,20000.0,1024.0,0.0002,50000.0,1024.0,10.0,0.0
exp_flow_map_bound,5.0,0.0,0.1,4.0,512.0,0.1,0.06931471805599453,2.2651271636883418e-05,329.95955991744995,5.0,1.0,5.0,64.0,20.0,20000.0,1024.0,0.0002,50000.0,1024.0,10.0,0.0
exp_flow_map_bound,5.0,0.0,0.1,4.0,512.0,0.25,0.06931471805599453,2.3143952345445646e-05,330.14099287986755,5.0,1.0,5.0,64.0,20.0,20000.0,1024.0,0.0002,50000.0,1024.0,10.0,0.0
exp_flow_map_bound,5.0,0.0,0.01,4.0,512.0,0.001,0.06931471805599453,0.987652736362204,330.02516436576843,5.0,1.0,5.0,64.0,20.0,20000.0,1024.0,0.0002,50000.0,1024.0,10.0,0.0
exp_flow_map_bound,5.0,0.0,0.01,4.0,512.0,0.01,0.06931471805599453,0.7690726258636887,330.24110198020935,5.0,1.0,5.0,64.0,20.0,20000.0,1024.0,0.0002,50000.0,1024.0,10.0,0.0
exp_flow_map_bound,5.0,0.0,0.01,4.0,512.0,0.1,0.06931471805599453,0.006652786386773594,330.2260322570801,5.0,1.0,5.0,64.0,20.0,20000.0,1024.0,0.0002,50000.0,1024.0,10.0,0.0
exp_flow_map_bound,5.0,0.0,0.01,4.0,512.0,0.25,0.06931471805599453,0.0068859620244267564,330.2159311771393,5.0,1.0,5.0,64.0,20.0,20000.0,1024.0,0.0002,50000.0,1024.0,10.0,0.0
exp_flow_map_bound,5.0,0.0,0.001,4.0,512.0,0.001,0.06931471805599453,0.9999963774142977,330.2741675376892,5.0,1.0,5.0,64.0,20.0,20000.0,1024.0,0.0002,50000.0,1024.0,10.0,0.0
exp_flow_map_bound,5.0,0.0,0.001,4.0,512.0,0.01,0.06931471805599453,0.954029146387685,329.92687010765076,5.0,1.0,5.0,64.0,20.0,20000.0,1024.0,0.0002,50000.0,1024.0,10.0,0.0
exp_flow_map_bound,5.0,0.0,0.001,4.0,512.0,0.1,0.06931471805599453,0.008098888891799818,330.3403129577637,5.0,1.0,5.0,64.0,20.0,20000.0,1024.0,0.0002,50000.0,1024.0,10.0,0.0
exp_flow_map_bound,5.0,0.0,0.001,4.0,512.0,0.25,0.06931471805599453,0.008309681909508293,329.9046456813812,5.0,1.0,5.0,64.0,20.0,20000.0,1024.0,0.0002,50000.0,1024.0,10.0,0.0
exp_flow_map_bound,5.0,0.0,0.0001,4.0,512.0,0.001,0.06931471805599453,0.9999999808177767,329.83605098724365,5.0,1.0,5.0,64.0,20.0,20000.0,1024.0,0.0002,50000.0,1024.0,10.0,0.0
exp_flow_map_bound,5.0,0.0,0.0001,4.0,512.0,0.01,0.06931471805599453,0.9843852594173107,330.592955827713,5.0,1.0,5.0,64.0,20.0,20000.0,1024.0,0.0002,50000.0,1024.0,10.0,0.0
exp_flow_map_bound,5.0,0.0,0.0001,4.0,512.0,0.1,0.06931471805599453,0.03247093662384446,329.8102219104767,5.0,1.0,5.0,64.0,20.0,20000.0,1024.0,0.0002,50000.0,1024.0,10.0,0.0
exp_flow_map_bound,5.0,0.0,0.0001,4.0,512.0,0.25,0.06931471805599453,0.020007861054940276,330.13374161720276,5.0,1.0,5.0,64.0,20.0,20000.0,1024.0,0.0002,50000.0,1024.0,10.0,0.0
exp_flow_map_bound,6.0,0.0,0.1,4.0,512.0,0.001,0.06931471805599453,0.9433390287667431,330.2307424545288,5.0,1.0,5.0,64.0,20.0,20000.0,1024.0,0.0002,50000.0,1024.0,10.0,0.0
exp_flow_map_bound,6.0,0.0,0.1,4.0,512.0,0.01,0.06931471805599453,0.004126273163365515,329.9818594455719,5.0,1.0,5.0,64.0,20.0,20000.0,1024.0,0.0002,50000.0,1024.0,10.0,0.0
exp_flow_map_bound,6.0,0.0,0.1,4.0,512.0,0.1,0.06931471805599453,2.5099975379873106e-05,330.16620993614197,5.0,1.0,5.0,64.0,20.0,20000.0,1024.0,0.0002,50000.0,1024.0,10.0,0.0
exp_flow_map_bound,6.0,0.0,0.1,4.0,512.0,0.25,0.06931471805599453,3.9162498684856005e-05,330.4590229988098,5.0,1.0,5.0,64.0,20.0,20000.0,1024.0,0.0002,50000.0,1024.0,10.0,0.0
exp_flow_map_bound,6.0,0.0,0.01,4.0,512.0,0.001,0.06931471805599453,0.9876841248100147,330.1019196510315,5.0,1.0,5.0,64.0,20.0,20000.0,1024.0,0.0002,50000.0,1024.0,10.0,0.0
exp_flow_map_bound,6.0,0.0,0.01,4.0,512.0,0.01,0.06931471805599453,0.7445309978709422,329.4613938331604,5.0,1.0,5.0,64.0,20.0,20000.0,1024.0,0.0002,50000.0,1024.0,10.0,0.0
exp_flow_map_bound,6.0,0.0,0.01,4.0,512.0,0.1,0.06931471805599453,0.006416516551362849,329.73905658721924,5.0,1.0,5.0,64.0,20.0,20000.0,1024.0,0.0002,50000.0,1024.0,10.0,0.0
exp_flow_map_bound,6.0,0.0,0.01,4.0,512.0,0.25,0.06931471805599453,0.004802398036936519,329.85843086242676,5.0,1.0,5.0,64.0,20.0,20000.0,1024.0,0.0002,50000.0,1024.0,10.0,0.0
exp_flow_map_bound,6.0,0.0,0.001,4.0,512.0,0.001,0.06931471805599453,0.9999966869768975,329.570317029953,5.0,1.0,5.0,64.0,20.0,20000.0,1024.0,0.0002,50000.0,1024.0,10.0,0.0
exp_flow_map_bound,6.0,0.0,0.001,4.0,512.0,0.01,0.06931471805599453,0.9587533221353803,329.7406713962555,5.0,1.0,5.0,64.0,20.0,20000.0,1024.0,0.0002,50000.0,1024.0,10.0,0.0
exp_flow_map_bound,6.0,0.0,0.001,4.0,512.0,0.1,0.06931471805599453,0.00860735719731271,329.6637296676636,5.0,1.0,5.0,64.0,20.0,20000.0,1024.0,0.0002,50000.0,1024.0,10.0,0.0
exp_flow_map_bound,6.0,0.0,0.001,4.0,512.0,0.25,0.06931471805599453,0.00679696920890873,330.11168360710144,5.0,1.0,5.0,64.0,20.0,20000.0,1024.0,0.0002,50000.0,1024.0,10.0,0.0
exp_flow_map_bound,6.0,0.0,0.0001,4.0,512.0,0.001,0.06931471805599453,0.9999999920055375,330.0614607334137,5.0,1.0,5.0,64.0,20.0,20000.0,1024.0,0.0002,50000.0,1024.0,10.0,0.0
exp_flow_map_bound,6.0,0.0,0.0001,4.0,512.0,0.01,0.06931471805599453,0.984588060895388,329.80116081237793,5.0,1.0,5.0,64.0,20.0,20000.0,1024.0,0.0002,50000.0,1024.0,10.0,0.0
exp_flow_map_bound,6.0,0.0,0.0001,4.0,512.0,0.1,0.06931471805599453,0.030753373245474298,329.08995389938354,5.0,1.0,5.0,64.0,20.0,20000.0,1024.0,0.0002,50000.0,1024.0,10.0,0.0
exp_flow_map_bound,6.0,0.0,0.0001,4.0,512.0,0.25,0.06931471805599453,0.021082290131588292,329.08857131004333,5.0,1.0,5.0,64.0,20.0,20000.0,1024.0,0.0002,50000.0,1024.0,10.0,0.0
exp_flow_map_bound,7.0,0.0,0.1,4.0,512.0,0.001,0.06931471805599453,0.9438424114898676,329.9161789417267,5.0,1.0,5.0,64.0,20.0,20000.0,1024.0,0.0002,50000.0,1024.0,10.0,0.0
exp_flow_map_bound,7.0,0.0,0.1,4.0,512.0,0.01,0.06931471805599453,0.004824734474565165,329.12456703186035,5.0,1.0,5.0,64.0,20.0,20000.0,1024.0,0.0002,50000.0,1024.0,10.0,0.0
exp_flow_map_bound,7.0,0.0,0.1,4.0,512.0,0.1,0.06931471805599453,3.8502243130627676e-05,329.1345942020416,5.0,1.0,5.0,64.0,20.0,20000.0,1024.0,0.0002,50000.0,1024.0,10.0,0.0
exp_flow_map_bound,7.0,0.0,0.1,4.0,512.0,0.25,0.06931471805599453,2.58023708619432e-05,329.7394132614136,5.0,1.0,5.0,64.0,20.0,20000.0,1024.0,0.0002,50000.0,1024.0,10.0,0.0
exp_flow_map_bound,7.0,0.0,0.01,4.0,512.0,0.001,0.06931471805599453,0.9875905886820164,329.7965202331543,5.0,1.0,5.0,64.0,20.0,20000.0,1024.0,0.0002,50000.0,1024.0,10.0,0.0
exp_flow_map_bound,7.0,0.0,0.01,4.0,512.0,0.01,0.06931471805599453,0.7519352946893259,332.93179631233215,5.0,1.0,5.0,64.0,20.0,20000.0,1024.0,0.0002,50000.0,1024.0,10.0,0.0
exp_flow_map_bound,7.0,0.0,0.01,4.0,512.0,0.1,0.06931471805599453,0.00685928263001251,330.037841796875,5.0,1.0,5.0,64.0,20.0,20000.0,1024.0,0.0002,50000.0,1024.0,10.0,0.0
exp_flow_map_bound,7.0,0.0,0.01,4.0,512.0,0.25,0.06931471805599453,0.005330700757437605,330.1680669784546,5.0,1.0,5.0,64.0,20.0,20000.0,1024.0,0.0002,50000.0,1024.0,10.0,0.0
exp_flow_map_bound,7.0,0.0,0.001,4.0,512.0,0.001,0.06931471805599453,0.9999955673059677,329.9208571910858,5.0,1.0,5.0,64.0,20.0,20000.0,1024.0,0.0002,50000.0,1024.0,10.0,0.0
exp_flow_map_bound,7.0,0.0,0.001,4.0,512.0,0.01,0.06931471805599453,0.9537710616221117,329.89505219459534,5.0,1.0,5.0,64.0,20.0,20000.0,1024.0,0.0002,50000.0,1024.0,10.0,0.0
exp_flow_map_bound,7.0,0.0,0.001,4.0,512.0,0.1,0.06931471805599453,0.006182166314427171,329.70392775535583,5.0,1.0,5.0,64.0,20.0,20000.0,1024.0,0.0002,50000.0,1024.0,10.0,0.0
exp_flow_map_bound,7.0,0.0,0.001,4.0,512.0,0.25,0.06931471805599453,0.007377257773285509,329.49357652664185,5.0,1.0,5.0,64.0,20.0,20000.0,1024.0,0.0002,50000.0,1024.0,10.0,0.0
exp_flow_map_bound,7.0,0.0,0.0001,4.0,512.0,0.001,0.06931471805599453,0.999999974456956,329.8968679904938,5.0,1.0,5.0,64.0,20.0,20000.0,1024.0,0.0002,50000.0,1024.0,10.0,0.0
exp_flow_map_bound,7.0,0.0,0.0001,4.0,512.0,0.01,0.06931471805599453,0.9880556431841608,329.82251167297363,5.0,1.0,5.0,64.0,20.0,20000.0,1024.0,0.0002,50000.0,1024.0,10.0,0.0
exp_flow_map_bound,7.0,0.0,0.0001,4.0,512.0,0.1,0.06931471805599453,0.030833458057223404,329.7062578201294,5.0,1.0,5.0,64.0,20.0,20000.0,1024.0,0.0002,50000.0,1024.0,10.0,0.0
exp_flow_map_bound,7.0,0.0,0.0001,4.0,512.0,0.25,0.06931471805599453,0.0209883201430012,319.03650999069214,5.0,1.0,5.0,64.0,20.0,20000.0,1024.0,0.0002,50000.0,1024.0,10.0,0.0
exp_flow_map_bound,8.0,0.0,0.1,4.0,512.0,0.001,0.06931471805599453,0.9434951063317439,319.37497639656067,5.0,1.0,5.0,64.0,20.0,20000.0,1024.0,0.0002,50000.0,1024.0,10.0,0.0
exp_flow_map_bound,8.0,0.0,0.1,4.0,512.0,0.01,0.06931471805599453,0.003355935447749922,319.1632354259491,5.0,1.0,5.0,64.0,20.0,20000.0,1024.0,0.0002,50000.0,1024.0,10.0,0.0
exp_flow_map_bound,8.0,0.0,0.1,4.0,512.0,0.1,0.06931471805599453,1.949874311281545e-05,319.26952505111694,5.0,1.0,5.0,64.0,20.0,20000.0,1024.0,0.0002,50000.0,1024.0,10.0,0.0
exp_flow_map_bound,8.0,0.0,0.1,4.0,512.0,0.25,0.06931471805599453,2.1323019880428923e-05,318.68808603286743,5.0,1.0,5.0,64.0,20.0,20000.0,1024.0,0.0002,50000.0,1024.0,10.0,0.0
exp_flow_map_bound,8.0,0.0,0.01,4.0,512.0,0.001,0.06931471805599453,0.9875377941978218,313.4768283367157,5.0,1.0,5.0,64.0,20.0,20000.0,1024.0,0.0002,50000.0,1024.0,10.0,0.0
exp_flow_map_bound,8.0,0.0,0.01,4.0,512.0,0.01,0.06931471805599453,0.7751026131472086,313.93368554115295,5.0,1.0,5.0,64.0,20.0,20000.0,1024.0,0.0002,50000.0,1024.0,10.0,0.0
exp_flow_map_bound,8.0,0.0,0.01,4.0,512.0,0.1,0.06931471805599453,0.005235249010725454,327.29784512519836,5.0,1.0,5.0,64.0,20.0,20000.0,1024.0,0.0002,50000.0,1024.0,10.0,0.0
exp_flow_map_bound,8.0,0.0,0.01,4.0,512.0,0.25,0.06931471805599453,0.008079510847006116,341.13439893722534,5.0,1.0,5.0,64.0,20.0,20000.0,1024.0,0.0002,50000.0,1024.0,10.0,0.0
exp_flow_map_bound,8.0,0.0,0.001,4.0,512.0,0.001,0.06931471805599453,0.9999956699878848,337.0892083644867,5.0,1.0,5.0,64.0,20.0,20000.0,1024.0,0.0002,50000.0,1024.0,10.0,0.0
exp_flow_map_bound,8.0,0.0,0.001,4.0,512.0,0.01,0.06931471805599453,0.9579072305592813,375.7205979824066,5.0,1.0,5.0,64.0,20.0,20000.0,1024.0,0.0002,50000.0,1024.0,10.0,0.0
exp_flow_map_bound,8.0,0.0,0.001,4.0,512.0,0.1,0.06931471805599453,0.00786106165881859,475.95405769348145,5.0,1.0,5.0,64.0,20.0,20000.0,1024.0,0.0002,50000.0,1024.0,10.0,0.0
exp_flow_map_bound,8.0,0.0,0.001,4.0,512.0,0.25,0.06931471805599453,0.006911826166074603,457.767942905426,5.0,1.0,5.0,64.0,20.0,20000.0,1024.0,0.0002,50000.0,1024.0,10.0,0.0
exp_flow_map_bound,8.0,0.0,0.0001,4.0,512.0,0.001,0.06931471805599453,0.9999999952078247,451.07663011550903,5.0,1.0,5.0,64.0,20.0,20000.0,1024.0,0.0002,50000.0,1024.0,10.0,0.0
exp_flow_map_bound,8.0,0.0,0.0001,4.0,512.0,0.01,0.06931471805599453,0.9843870242416836,450.26642632484436,5.0,1.0,5.0,64.0,20.0,20000.0,1024.0,0.0002,50000.0,1024.0,10.0,0.0
exp_flow_map_bound,8.0,0.0,0.0001,4.0,512.0,0.1,0.06931471805599453,0.030411476450642853,441.1477756500244,5.0,1.0,5.0,64.0,20.0,20000.0,1024.0,0.0002,50000.0,1024.0,10.0,0.0
exp_flow_map_bound,8.0,0.0,0.0001,4.0,512.0,0.25,0.06931471805599453,0.021148750658059514,437.8288905620575,5.0,1.0,5.0,64.0,20.0,20000.0,1024.0,0.0002,50000.0,1024.0,10.0,0.0
exp_flow_map_bound,9.0,0.0,0.1,4.0,512.0,0.001,0.06931471805599453,0.9437575256955305,432.95752930641174,5.0,1.0,5.0,64.0,20.0,20000.0,1024.0,0.0002,50000.0,1024.0,10.0,0.0
exp_flow_map_bound,9.0,0.0,0.1,4.0,512.0,0.01,0.06931471805599453,0.004067077517284581,429.0617835521698,5.0,1.0,5.0,64.0,20.0,20000.0,1024.0,0.0002,50000.0,1024.0,10.0,0.0
exp_flow_map_bound,9.0,0.0,0.1,4.0,512.0,0.1,0.06931471805599453,1.828643794854846e-05,396.7971739768982,5.0,1.0,5.0,64.0,20.0,20000.0,1024.0,0.0002,50000.0,1024.0,10.0,0.0
exp_flow_map_bound,9.0,0.0,0.1,4.0,512.0,0.25,0.06931471805599453,5.248807376000731e-05,313.1344847679138,5.0,1.0,5.0,64.0,20.0,20000.0,1024.0,0.0002,50000.0,1024.0,10.0,0.0
exp_flow_map_bound,9.0,0.0,0.01,4.0,512.0,0.001,0.06931471805599453,0.9877664673833941,312.96914625167847,5.0,1.0,5.0,64.0,20.0,20000.0,1024.0,0.0002,50000.0,1024.0,10.0,0.0
exp_flow_map_bound,9.0,0.0,0.01,4.0,512.0,0.01,0.06931471805599453,0.7478675861178694,312.5941686630249,5.0,1.0,5.0,64.0,20.0,20000.0,1024.0,0.0002,50000.0,1024.0,10.0,0.0
exp_flow_map_bound,9.0,0.0,0.01,4.0,512.0,0.1,0.06931471805599453,0.006058193550570638,312.95071721076965,5.0,1.0,5.0,64.0,20.0,20000.0,1024.0,0.0002,50000.0,1024.0,10.0,0.0
exp_flow_map_bound,9.0,0.0,0.01,4.0,512.0,0.25,0.06931471805599453,0.007692711257336728,312.2894685268402,5.0,1.0,5.0,64.0,20.0,20000.0,1024.0,0.0002,50000.0,1024.0,10.0,0.0
exp_flow_map_bound,9.0,0.0,0.001,4.0,512.0,0.001,0.06931471805599453,0.9999974586455362,312.7786159515381,5.0,1.0,5.0,64.0,20.0,20000.0,1024.0,0.0002,50000.0,1024.0,10.0,0.0
exp_flow_map_bound,9.0,0.0,0.001,4.0,512.0,0.01,0.06931471805599453,0.9538019390831245,312.66586470603943,5.0,1.0,5.0,64.0,20.0,20000.0,1024.0,0.0002,50000.0,1024.0,10.0,0.0
exp_flow_map_bound,9.0,0.0,0.001,4.0,512.0,0.1,0.06931471805599453,0.008721609355958202,313.1221573352814,5.0,1.0,5.0,64.0,20.0,20000.0,1024.0,0.0002,50000.0,1024.0,10.0,0.0
exp_flow_map_bound,9.0,0.0,0.001,4.0,512.0,0.25,0.06931471805599453,0.0074552796661309624,313.4036407470703,5.0,1.0,5.0,64.0,20.0,20000.0,1024.0,0.0002,50000.0,1024.0,10.0,0.0
exp_flow_map_bound,9.0,0.0,0.0001,4.0,512.0,0.001,0.06931471805599453,0.9999999936057797,313.4617404937744,5.0,1.0,5.0,64.0,20.0,20000.0,1024.0,0.0002,50000.0,1024.0,10.0,0.0
exp_flow_map_bound,9.0,0.0,0.0001,4.0,512.0,0.01,0.06931471805599453,0.9843502130799565,313.55718445777893,5.0,1.0,5.0,64.0,20.0,20000.0,1024.0,0.0002,50000.0,1024.0,10.0,0.0
exp_flow_map_bound,9.0,0.0,0.0001,4.0,512.0,0.1,0.06931471805599453,0.03318413563016197,313.153306722641,5.0,1.0,5.0,64.0,20.0,20000.0,1024.0,0.0002,50000.0,1024.0,10.0,0.0
exp_flow_map_bound,9.0,0.0,0.0001,4.0,512.0,0.25,0.06931471805599453,0.024844418820201813,312.37189173698425,5.0,1.0,5.0,64.0,20.0,20000.0,1024.0,0.0002,50000.0,1024.0,10.0,0.0
